Jun Gong 926,$ $ 14 000 (1176000 сом),2016 г./дизель/руль слева,https://im.mashina.kg/tachka/images//e/4/c/e4c3f09d1500768328b8410b3a81e149_240x180.jpg
XCMG QY25K5,$ $ 63 000 (5292000 сом),"2020 г./дизель/руль слева, 100 км",https://im.mashina.kg/tachka/images//1/b/b/1bb88d5aeb1c34fcea40811b6cdde680_240x180.jpg
Fortschritt E281,$ $ 5 803 (487452 сом),"1987 г./дизель/руль слева, 10 000 км",https://im.mashina.kg/tachka/images//c/b/8/cb81a6bfa77ad3451e262659beb4490b_240x180.jpg
ХТЗ 2511,$ $ 2 800 (235200 сом),1988 г./дизель/руль слева,https://im.mashina.kg/tachka/images//1/f/4/1f4f381553d68df97699ed09e6907fe3_240x180.jpg
Doosan DX,$ $ 3 424 (287616 сом),2022 г./дизель/руль слева,https://im.mashina.kg/tachka/images//7/b/c/7bcfcdf3d2c1e046ff900dae1f27a9a6_240x180.jpg
JCB 3CX,$ $ 33 000 (2772000 сом),"2017 г./дизель/руль слева, 1 600 км",https://im.mashina.kg/tachka/images//1/e/a/1eae9b7a0b432a190ec2149c69d0710a_240x180.jpg
МТЗ (Беларус) МТЗ-82,$ $ 8 500 (714000 сом),"2014 г./дизель/руль слева, 3 110 км",https://im.mashina.kg/tachka/images//b/e/c/bec5aa668b7df857f1692c14b0d2aaeb_240x180.jpg
JCB 4CX,$ $ 42 000 (3528000 сом),"2016 г./дизель/руль слева, 2 950 км",https://im.mashina.kg/tachka/images//3/b/0/3b00949995e4c492e6bff14d8d3ac4c9_240x180.jpg
МТЗ (Беларус) МТЗ-80,$ $ 9 865 (828660 сом),1987 г./дизель/руль слева,https://im.mashina.kg/tachka/images//2/1/0/21071140d09a079bef8b84cc6fdf42bd_240x180.jpg
LongGong CDM 855 E,$ $ 24 000 (2016000 сом),"2013 г./дизель/руль слева, 6 800 км",https://im.mashina.kg/tachka/images//2/0/d/20d72738723472aa0014ff9bc7a89048_240x180.jpg
XCMG QY25K5,$ $ 70 000 (5880000 сом),"2013 г./дизель/руль слева, 6 400 км",https://im.mashina.kg/tachka/images//4/f/c/4fccdf4cfa36558e7248f09922720fa5_240x180.jpg
КамАЗ XTX 185,$ $ 4 062 (341208 сом),1988 г./дизель/руль слева,https://im.mashina.kg/tachka/images//a/a/8/aa858674ffbfc9deed76b8f00c21a375_240x180.jpg
XCMG XT,$ $ 60 000 (5040000 сом),2015 г./дизель/руль слева,https://im.mashina.kg/tachka/images//c/c/9/cc9a5878c65f6f0c9acaaf6402a7f359_240x180.jpg
Hyundai Гусеничные,$ $ 63 000 (5292000 сом),2017 г./дизель/руль слева,https://im.mashina.kg/tachka/images//f/1/d/f1db83164eb8b045b5478dd701a3c232_240x180.jpg
Hyundai R380,$ $ 80 000 (6720000 сом),"2011 г./дизель/руль слева, 18 244 км",https://im.mashina.kg/tachka/images//6/e/d/6ed53b28072ca6a058ab27d0729423b8_240x180.jpg
Hyundai Колесные,$ $ 47 000 (3948000 сом),"2011 г./дизель/руль слева, 17 000 км",https://im.mashina.kg/tachka/images//b/1/c/b1cb0296e6d0363625fcbbff6e2212e6_240x180.jpg
Hyundai Колесные,$ $ 55 000 (4620000 сом),"2012 г./дизель/руль слева, 13 712 км",https://im.mashina.kg/tachka/images//6/d/0/6d0f3486f3cae9852a09e13e6c02cbcf_240x180.jpg
Hyundai Колесные,$ $ 40 000 (3360000 сом),2010 г./дизель/руль слева,https://im.mashina.kg/tachka/images//d/b/7/db7d492a53caf3bf2e45de82a6c286d9_240x180.jpg
Hyundai Колесные,$ $ 57 000 (4788000 сом),"2013 г./дизель/руль слева, 12 754 км",https://im.mashina.kg/tachka/images//2/b/1/2b1abdc7131c022f5a8deb6c3a51be9e_240x180.jpg
Volvo EW,$ $ 56 000 (4704000 сом),"2012 г./дизель/руль слева, 18 000 км",https://im.mashina.kg/tachka/images//0/6/c/06c1ebaa1fb17296414c194ce2b566e3_240x180.jpg
Hyundai Гусеничные,$ $ 21 000 (1764000 сом),"2017 г./дизель/руль слева, 3 600 км",https://im.mashina.kg/tachka/images//2/5/9/2590e45297b6a6ba8fb961c3cc1264bf_240x180.jpg
Volvo EW,$ $ 42 000 (3528000 сом),"2009 г./дизель/руль слева, 21 000 км",https://im.mashina.kg/tachka/images//5/3/7/5370ae6fd8217eeb795c1978b8f98b5e_240x180.jpg
Hyundai R300LC,$ $ 70 000 (5880000 сом),"2012 г./дизель/руль слева, 14 255 км",https://im.mashina.kg/tachka/images//f/e/0/fe02946da0b22b3dced49e8e5c19b5dd_240x180.jpg
Урал ПМС,$ $ 2 321 (194964 сом),2022 г./электро/руль слева,https://im.mashina.kg/tachka/images//a/9/4/a94cb67f922e1803d53e65a85458f908_240x180.jpg
Hyundai Колесные,$ $ 28 000 (2352000 сом),2002 г./дизель/руль слева,https://im.mashina.kg/tachka/images//6/d/2/6d26e89039ae89ca8be9d7c594a9d4e7_240x180.jpg
Caterpillar Гусеничные,$ $ 45 000 (3780000 сом),2006 г./дизель/руль слева,https://im.mashina.kg/tachka/images//c/8/1/c81d8c9cb79f033f922c3e2835bd857f_240x180.jpg
Howo ZZ1257N5847C,$ $ 7 800 (655200 сом),2016 г./дизель/руль слева,https://im.mashina.kg/tachka/images//d/6/4/d64ddaccc633ae0d29d0f5bcf728c697_240x180.jpg
XCMG QY25K5,$ $ 47 000 (3948000 сом),2012 г./дизель/руль слева,https://im.mashina.kg/tachka/images//0/f/3/0f31f531721aee7bdc9ccfef9dc6ebcd_240x180.jpg
Huatong Huatong,$ $ 49 000 (4116000 сом),2012 г./дизель/руль слева,https://im.mashina.kg/tachka/images//d/4/4/d44bdc7a4a326af092e7629897c3330f_240x180.jpg
Zoomlion QY25V,$ $ 45 000 (3780000 сом),2008 г./дизель/руль слева,https://im.mashina.kg/tachka/images//8/9/2/8928fc51e16646332d026b5397d62264_240x180.jpg
DongFeng DFZ5251GJBA1,$ $ 17 500 (1470000 сом),2012 г./дизель/руль слева,https://im.mashina.kg/tachka/images//b/7/a/b7a4d1c38769d9af4d4ffbb5423b10a9_240x180.jpg
Komatsu PC 60,$ $ 23 000 (1932000 сом),"2014 г./дизель/руль слева, 8 000 км",https://im.mashina.kg/tachka/images//9/e/8/9e852b2953c8916ad5192244aff86815_240x180.jpg
DongFeng DF,$ $ 26 000 (2184000 сом),2017 г./дизель/руль слева,https://im.mashina.kg/tachka/images//1/a/b/1ab967e6bd5cca23505490d7af6b4a7f_240x180.jpg
Samsung MX,$ $ 1 000 000 (84000000 сом),1996 г./дизель/руль слева,https://im.mashina.kg/tachka/images//c/b/5/cb547a598d1cd7e68c6beddf076edca9_240x180.jpg
Samsung MX,$ $ 20 891 (1754844 сом),"1994 г./дизель/руль слева, 10 000 км",https://im.mashina.kg/tachka/images//2/b/a/2bafb5c0a96d930bb9b3b26de86e832b_240x180.jpg
Yanmar F-455,$ $ 4 991 (419244 сом),2005 г./дизель/руль слева,https://im.mashina.kg/tachka/images//4/b/9/4b951ceed2a3fa2b292f4fd36a0c912c_240x180.jpg
Hyundai Колесные,$ $ 55 000 (4620000 сом),2017 г./дизель/руль слева,https://im.mashina.kg/tachka/images//6/3/0/63060afc1b405fba16f190004210ed33_240x180.jpg
Mercedes-Benz Atego 815,$ $ 21 000 (1764000 сом),"1994 г./дизель/руль слева, 300 000 км",https://im.mashina.kg/tachka/images//8/5/a/85a48e324408525eb26e14fb662848af_240x180.jpg
Lonking LG - series,$ $ 26 500 (2226000 сом),2017 г./дизель/руль слева,https://im.mashina.kg/tachka/images//7/5/8/7589a274fccd3413b96fc3a2f8b55913_240x180.jpg
Енисей Зерноуборочные комбайны,$ $ 100 000 (8400000 сом),2022 г./дизель/руль слева,https://im.mashina.kg/tachka/images//6/6/2/6629409b5a3b11605786b87b5316acdd_240x180.jpg
Lonking LG - series,$ $ 49 000 (4116000 сом),"2022 г./дизель/руль слева, 24 км",https://im.mashina.kg/tachka/images//f/f/a/ffa2064aaaf88001e33c58bb0868571a_240x180.jpg
XCMG LW - series,$ $ 26 500 (2226000 сом),2014 г./дизель/руль слева,https://im.mashina.kg/tachka/images//4/5/9/459a57d737e7ec8db843402c9c288e4c_240x180.jpg
Hyundai 15D,$ $ 3 250 (273000 сом),"2007 г./дизель/руль слева, 150 000 км",https://im.mashina.kg/tachka/images//0/2/c/02cfabd019bf323aaf775d4e66898de1_240x180.jpg
Hyundai Колесные,$ $ 55 000 (4620000 сом),"2017 г./дизель/руль слева, 8 000 км",https://im.mashina.kg/tachka/images//f/8/b/f8b64ea53922488f8d83add4439d6993_240x180.jpg
МТЗ (Беларус) МТЗ-82,$ $ 15 000 (1260000 сом),"2013 г./дизель/руль слева, 7 000 км",https://im.mashina.kg/tachka/images//4/5/5/4551df348b453c76641a4dfc030659f6_240x180.jpg
JCB 175,$ $ 50 000 (4200000 сом),2020 г./дизель/руль слева,https://im.mashina.kg/tachka/images//f/7/7/f770351b230d628bf6ff4cdf18d283ea_240x180.jpg
Sinomach ZG 3210-9,$ $ 170 000 (14280000 сом),2022 г./дизель/руль слева,https://im.mashina.kg/tachka/images//c/e/d/cede06a9e1e2faa05677b11ceeeb7a0a_240x180.jpg
JCB Гусеничные,$ $ 215 000 (18060000 сом),2020 г./дизель/руль слева,https://im.mashina.kg/tachka/images//d/e/b/deb52b7092b066a56b8a1e8044537416_240x180.jpg
JCB Гусеничные,$ $ 167 000 (14028000 сом),2021 г./дизель/руль слева,https://im.mashina.kg/tachka/images//5/0/b/50b10a59a20c540d41f63e6719950c96_240x180.jpg
JCB 3CX,$ $ 92 000 (7728000 сом),2020 г./дизель/руль слева,https://im.mashina.kg/tachka/images//5/8/3/583a5107e72c49afef52e7674639b743_240x180.jpg
JCB 4CX,$ $ 150 000 (12600000 сом),2020 г./дизель/руль слева,https://im.mashina.kg/tachka/images//e/f/f/eff1240d4a7d756e6fc0ac5163fe1155_240x180.jpg
Sinomach ZG 3210-9,$ $ 125 000 (10500000 сом),2022 г./дизель/руль слева,https://im.mashina.kg/tachka/images//c/8/9/c89abd2ef37b592770c425d6900f1cb9_240x180.jpg
JCB Гусеничные,$ $ 300 000 (25200000 сом),2020 г./дизель/руль слева,https://im.mashina.kg/tachka/images//0/6/9/0692464f1f6a4cf67d0fdd64d287d8b7_240x180.jpg
JCB 1CX,$ $ 80 000 (6720000 сом),2022 г./дизель/руль слева,https://im.mashina.kg/tachka/images//a/e/d/aed66479e5924c83b6337712c0bbb3ac_240x180.jpg
JCB TLT,$ $ 128 000 (10752000 сом),2022 г./дизель/руль слева,https://im.mashina.kg/tachka/images//1/0/7/107c3242653aebafdb92b2b998a9b9f9_240x180.jpg
Hanomag 66С,$ $ 14 000 (1176000 сом),"1997 г./дизель/руль слева, 8 000 км",https://im.mashina.kg/tachka/images//9/4/4/944adf7d8af0499384dfbb4e930aff22_240x180.jpg
XCMG 62 Т,$ $ 20 000 (1680000 сом),2013 г./дизель/руль слева,https://im.mashina.kg/tachka/images//c/e/4/ce4fb6e71be25e8835cd1bc9f9b8f0f9_240x180.jpg
Hyundai Колесные,$ $ 69 000 (5796000 сом),2012 г./дизель/руль слева,https://im.mashina.kg/tachka/images//9/c/9/9c97868caeee9f281019224fd7165f68_240x180.jpg
Агромашхолдинг 85ТК,$ $ 25 534 (2144856 сом),2007 г./дизель/руль слева,https://im.mashina.kg/tachka/images//1/2/3/12386080936dfef5604a039337d5d6c7_240x180.jpg
Caterpillar Колёсные,$ $ 45 000 (3780000 сом),"2002 г./дизель/руль слева, 8 000 км",https://im.mashina.kg/tachka/images//f/2/2/f22caefff9d23fe51a83a8630fa53722_240x180.jpg
Hyundai Колесные,$ $ 36 000 (3024000 сом),"2013 г./дизель/руль слева, 9 000 км",https://im.mashina.kg/tachka/images//6/b/b/6bb9eb7bc4df54c0e8e550c94cb39a85_240x180.jpg
Hyundai Колесные,$ $ 60 000 (5040000 сом),"2009 г./дизель/руль слева, 15 600 км",https://im.mashina.kg/tachka/images//e/3/a/e3a8f28db41311380a71a3cc30ab885c_240x180.jpg
Hino Бетоносмеситель,$ $ 26 000 (2184000 сом),"1996 г./дизель/руль слева, 320 000 км",https://im.mashina.kg/tachka/images//8/b/c/8bc08d1820f60c0e49220ac2f2bfc3a4_240x180.jpg
Hyundai Колесные,$ $ 30 000 (2520000 сом),2009 г./дизель/руль слева,https://im.mashina.kg/tachka/images//e/1/3/e13153287afbaf43426daa1bd8d352d1_240x180.jpg
Zoomlion QUY50,$ $ 58 000 (4872000 сом),2009 г./дизель/руль слева,https://im.mashina.kg/tachka/images//e/0/3/e03b5f9705445f8de04ff7a5a0af71f5_240x180.jpg
Samsung MX,$ $ 19 731 (1657404 сом),1996 г./дизель/руль слева,https://im.mashina.kg/tachka/images//2/9/c/29c2bf6446bc504e0f3d7b1713a474ca_240x180.jpg
Hyundai Колесные,$ $ 37 000 (3108000 сом),2013 г./дизель/руль слева,https://im.mashina.kg/tachka/images//6/d/0/6d0bc9240c542b4105f03ea1c68db3e3_240x180.jpg
Volvo EW,$ $ 27 500 (2310000 сом),"2005 г./дизель/руль слева, 18 000 км",https://im.mashina.kg/tachka/images//0/3/5/03513897a036e9cfd30b252dfe53c80d_240x180.jpg
КамАЗ Каналопромывочные машины,$ $ 14 000 (1176000 сом),"2008 г./дизель/руль слева, 135 855 км",https://im.mashina.kg/tachka/images//d/a/c/dac50ecddcaf7fba43bca78f9e1de8af_240x180.jpg
LiuGong CLG 877,$ $ 35 000 (2940000 сом),2014 г./дизель/руль слева,https://im.mashina.kg/tachka/images//d/1/5/d15a0311a45784db0268d6b7c530c349_240x180.jpg
JAC N-350,$ $ 56 900 (4779600 сом),2022 г./дизель/руль слева,https://im.mashina.kg/tachka/images//b/2/a/b2a23c6660647adf939157c32135c2aa_240x180.jpg
JAC CPCD30,$ $ 56 900 (4779600 сом),2022 г./дизель/руль слева,https://im.mashina.kg/tachka/images//d/e/a/dea9dc0d3a2e6ca37efeb75c891100b5_240x180.jpg
Lonking CDM,$ $ 47 000 (3948000 сом),2022 г./дизель/руль слева,https://im.mashina.kg/tachka/images//9/e/c/9ec8e72b4974534b1855f811ed71feb1_240x180.jpg
Lonking CDM,$ $ 175 000 (14700000 сом),2022 г./дизель/руль слева,https://im.mashina.kg/tachka/images//c/a/e/caea496444ae1afb5488b02862abb253_240x180.jpg
Lonking LG - series,$ $ 50 000 (4200000 сом),2022 г./дизель/руль слева,https://im.mashina.kg/tachka/images//8/d/f/8df9bf0fd4fb39fb43c6450c235e8a51_240x180.jpg
Lonking CDM,$ $ 99 500 (8358000 сом),2022 г./дизель/руль слева,https://im.mashina.kg/tachka/images//1/c/8/1c85b69f2ad28418da56455cd8efd1a1_240x180.jpg
Hyundai Гусеничные,$ $ 220 000 (18480000 сом),2022 г./дизель/руль слева,https://im.mashina.kg/tachka/images//1/2/a/12a6263243be839567d9ae98b81dbc4b_240x180.jpg
Hyundai Колесные,$ $ 160 000 (13440000 сом),2022 г./дизель/руль слева,https://im.mashina.kg/tachka/images//d/d/d/dddf77277f029b63e8e2304f6effe4c1_240x180.jpg
Lonking CDM,$ $ 56 000 (4704000 сом),2021 г./дизель/руль слева,https://im.mashina.kg/tachka/images//7/0/8/708d9b38ebf1ff51a70a1b4fa624a16a_240x180.jpg
Lonking LG - series,$ $ 15 800 (1327200 сом),2022 г./электро/руль слева   новый,https://im.mashina.kg/tachka/images//5/0/8/508bcabfbfb5a06b8c3c61c381244608_240x180.jpg
Киргизстан ППЛ-Ф-1.6,$ $ 3 366 (282744 сом),1990 г./гибрид/руль слева,https://im.mashina.kg/tachka/images//b/4/f/b4f7b01c20710a331883f24895c01e82_240x180.jpg
Dongin Felix,$ $ 16 500 (1386000 сом),"2009 г./дизель/руль слева, 325 869 км",https://im.mashina.kg/tachka/images//3/c/c/3cca17febfc713a80983232b81d06599_240x180.jpg
DongFeng EQ 1110,$ $ 16 500 (1386000 сом),2009 г./дизель/руль слева,https://im.mashina.kg/tachka/images//e/2/e/e2e2d1579d8390223c2c2487edaa22d7_240x180.jpg
Demag AC155,$ $ 16 500 (1386000 сом),2009 г./дизель/руль слева,https://im.mashina.kg/tachka/images//1/1/0/1102f0e713ff42fd44d57e564dd3f171_240x180.jpg
Howo Миксер,$ $ 33 500 (2814000 сом),"2020 г./дизель/руль слева, 2 000 км",https://im.mashina.kg/tachka/images//f/5/7/f57a3c8a901411dfcc6f5a64719e77dd_240x180.jpg
XCMG ZL - series,$ $ 19 000 (1596000 сом),"2010 г./дизель/руль слева, 32 585 км",https://im.mashina.kg/tachka/images//a/d/1/ad16c8b35cd731c7c6e92def4b2893fe_240x180.jpg
Hyundai Гусеничные,$ $ 40 000 (3360000 сом),2004 г./дизель/руль слева,https://im.mashina.kg/tachka/images//3/6/4/3642cffaf7d10d3e45902495838ed52c_240x180.jpg
Hyundai Гусеничные,$ $ 50 000 (4200000 сом),2005 г./дизель/руль слева,https://im.mashina.kg/tachka/images//3/4/2/342305b5eee7656a39100cf2837bf06a_240x180.jpg
Hyundai Гусеничные,$ $ 25 500 (2142000 сом),2014 г./дизель/руль слева,https://im.mashina.kg/tachka/images//0/7/9/07975a0775fc715f50dc873658a313a6_240x180.jpg
Hyundai Колесные,$ $ 48 000 (4032000 сом),2009 г./дизель/руль слева,https://im.mashina.kg/tachka/images//6/8/0/68024cffa886f32046e0cb9bfa6828f5_240x180.jpg
ЛТЗ Т-40АМ,$ $ 3 018 (253512 сом),1989 г./дизель/руль слева,https://im.mashina.kg/tachka/images//7/d/3/7d319f949f1975d89761debdb5a6a513_240x180.jpg
LiuGong CLG 877,$ $ 19 000 (1596000 сом),2011 г./дизель/руль слева,https://im.mashina.kg/tachka/images//9/9/a/99ae2e8bed73e3ac08d410edcb71a7c5_240x180.jpg
МТЗ (Беларус) МТЗ-80,$ $ 3 598 (302232 сом),2022 г./дизель/руль слева,https://im.mashina.kg/tachka/images//4/2/e/42e01a4e912fcc967e97463f08ad2c4b_240x180.jpg
Hyundai Колесные,$ $ 40 000 (3360000 сом),"2013 г./дизель/руль слева, 13 000 км",https://im.mashina.kg/tachka/images//1/f/1/1f17584c2bd49b95be9d85d72790bea7_240x180.jpg
XCMG ZL - series,$ $ 24 000 (2016000 сом),"2013 г./дизель/руль слева, 8 500 км",https://im.mashina.kg/tachka/images//f/4/d/f4d04634f9cfa5c89c7ac1026e3e91b0_240x180.jpg
SEM 919,$ $ 106 000 (8904000 сом),"2019 г./дизель/руль слева, 88 км",https://im.mashina.kg/tachka/images//2/6/a/26aebfbbe26ebf22dbc42effc490b271_240x180.jpg
Hyundai Гусеничные,$ $ 90 000 (7560000 сом),"2012 г./дизель/руль слева, 15 000 км",https://im.mashina.kg/tachka/images//9/2/6/926ca388a2801e541975b603a60b7076_240x180.jpg
Doosan Solar,$ $ 80 000 (6720000 сом),"2012 г./дизель/руль слева, 17 000 км",https://im.mashina.kg/tachka/images//d/3/8/d38199d5e2b6358cc49eab2b9fae6d4f_240x180.jpg
Zoomlion ZD,$ $ 100 000 (8400000 сом),"2014 г./дизель/руль слева, 9 000 км",https://im.mashina.kg/tachka/images//6/6/f/66f6f6d3e2101001d3ae750d4a6bb8d0_240x180.jpg
Volvo EW,$ $ 40 000 (3360000 сом),"2002 г./дизель/руль слева, 21 000 км",https://im.mashina.kg/tachka/images//8/e/5/8e53a2776b728fd7ecc8b9054b78a2df_240x180.jpg
Строймаш Сваебойная установка,$ $ 16 000 (1344000 сом),2022 г./электро/руль слева,https://im.mashina.kg/tachka/images//2/a/1/2a1c2418e4dd1bd54557ee2042913c6f_240x180.jpg
Cukurova 883,$ $ 35 000 (2940000 сом),"2004 г./дизель/руль слева, 11 000 км",https://im.mashina.kg/tachka/images//6/0/3/603860f49ebc8c99c92117aa3fbf443b_240x180.jpg
Case Колесные,$ $ 30 000 (2520000 сом),2001 г./дизель/руль слева,https://im.mashina.kg/tachka/images//d/2/0/d207413bd3b011d1a266c36f87f79656_240x180.jpg
Ивановец КС-3577,$ $ 9 285 (779940 сом),1991 г./дизель/руль слева,https://im.mashina.kg/tachka/images//1/8/0/180b9b7cdba452807d63c3b21e2d87eb_240x180.jpg
XCMG ZL - series,$ $ 48 000 (4032000 сом),"2022 г./дизель/руль слева, 30 км",https://im.mashina.kg/tachka/images//2/f/0/2f00c5c51eb3fabadbee59bc92db390d_240x180.jpg
Hyundai Колесные,$ $ 32 000 (2688000 сом),"2008 г./дизель/руль слева, 7 000 км",https://im.mashina.kg/tachka/images//c/c/3/cc3c16d25ba476d90d9154309714ec6c_240x180.jpg
Hyundai Колесные,$ $ 31 000 (2604000 сом),2007 г./дизель/руль слева,https://im.mashina.kg/tachka/images//9/1/9/9193125c6574558d88170373fc9c1cf3_240x180.jpg
МТЗ (Беларус) МТЗ-80,$ $ 11 606 (974904 сом),1990 г./дизель/руль слева,https://im.mashina.kg/tachka/images//8/c/4/8c4e7a52ba7b3b5ddb1c3bcafc53ff64_240x180.jpg
Hyundai Колесные,$ $ 35 000 (2940000 сом),2009 г./дизель/руль слева,https://im.mashina.kg/tachka/images//9/5/a/95a83935b5a87958341c8140da3ec05d_240x180.jpg
ЭО 4111,$ $ 12 500 (1050000 сом),1988 г./дизель/руль слева,https://im.mashina.kg/tachka/images//c/c/7/cc70d5b537dd2ae4c83ec406f5e3f498_240x180.jpg
ЭО 4111,$ $ 18 500 (1554000 сом),1989 г./дизель/руль справа,https://im.mashina.kg/tachka/images//f/a/5/fa505a9a0a5f0bf03610a0fb0a7babab_240x180.jpg
Hyundai Колесные,$ $ 58 000 (4872000 сом),"2017 г./дизель/руль слева, 6 300 км",https://im.mashina.kg/tachka/images//d/f/4/df4df2695050dbe9d535f7506a8d8966_240x180.jpg
Volvo EW,$ $ 55 555 (4666620 сом),2007 г./дизель/руль слева,https://im.mashina.kg/tachka/images//8/6/f/86f7be5aaca384604b77ff75aac11963_240x180.jpg
Samsung MX,$ $ 24 373 (2047332 сом),1995 г./дизель/руль слева,https://im.mashina.kg/tachka/images//e/6/6/e668d44eeaa378a7b8a0eb895910f93c_240x180.jpg
МТЗ (Беларус) МТЗ-80,$ $ 4 991 (419244 сом),1989 г./дизель/руль слева,https://im.mashina.kg/tachka/images//1/8/3/1833867597674dba576ac799884cc1e2_240x180.jpg
Komatsu PC450,$ $ 110 000 (9240000 сом),"2019 г./дизель/руль слева, 1 850 км",https://im.mashina.kg/tachka/images//e/4/6/e469e735c30bd1d8b06de2af4dbaf8d6_240x180.jpg
Zoomlion Автобетоносмесители,$ $ 46 000 (3864000 сом),2022 г./дизель/руль слева,https://im.mashina.kg/tachka/images//d/d/5/dd549fb2cc63189f2a9e0dcbac4be8be_240x180.jpg
Zoomlion Автобетоносмесители,$ $ 39 500 (3318000 сом),2022 г./дизель/руль слева,https://im.mashina.kg/tachka/images//d/2/9/d298902d2887e9f374080953f08ba9d4_240x180.jpg
XCMG LW - series,$ $ 14 500 (1218000 сом),"2022 г./дизель/руль слева, 7 км",https://im.mashina.kg/tachka/images//3/0/6/306fd7d80ba6de27c09c7c5b0f586269_240x180.jpg
XCMG LW - series,$ $ 24 000 (2016000 сом),2022 г./дизель/руль слева,https://im.mashina.kg/tachka/images//f/7/6/f76ccfd19f4f78c12b09636f5d9e6f57_240x180.jpg
XCMG WZ,$ $ 36 000 (3024000 сом),2022 г./дизель/руль слева,https://im.mashina.kg/tachka/images//3/c/5/3c504ca496d778efcb9dde315ef1573e_240x180.jpg
Hyundai HD20,$ $ 14 000 (1176000 сом),2022 г./дизель/руль слева,https://im.mashina.kg/tachka/images//f/9/3/f93d6738f96ebf06e76fd71e3971e868_240x180.jpg
Hyundai HD20,$ $ 21 000 (1764000 сом),"2022 г./дизель/руль слева, 6 км",https://im.mashina.kg/tachka/images//4/d/2/4d2a3d4eac6c4d5d3cd64739b75dfcbb_240x180.jpg
XCMG LW - series,$ $ 14 500 (1218000 сом),"2022 г./дизель/руль слева, 5 км",https://im.mashina.kg/tachka/images//9/e/c/9ec2934161747d2bed3f04777f96fb44_240x180.jpg
Hitachi Гусеничные,$ $ 65 000 (5460000 сом),"2019 г./дизель/руль слева, 3 125 км",https://im.mashina.kg/tachka/images//a/6/b/a6ba8cdec0abec78ed79ac681f024867_240x180.jpg
Jun Gong 926,$ $ 25 000 (2100000 сом),"2013 г./дизель/руль слева, 2 555 км",https://im.mashina.kg/tachka/images//7/6/d/76d1388935fe761d9120535643fc5e5c_240x180.jpg
Komatsu PC 50 MR2,$ $ 85 000 (7140000 сом),"2006 г./дизель/руль слева, 2 000 км",https://im.mashina.kg/tachka/images//c/c/3/cc3edac5e105ff8f19c1e9ff0cb330e0_240x180.jpg
Hyundai Колесные,$ $ 68 000 (5712000 сом),2011 г./дизель/руль слева,https://im.mashina.kg/tachka/images//1/a/f/1af2e4b63adc6844c5dc822ebce8dbc3_240x180.jpg
Агромашхолдинг 85ТК,$ $ 9 285 (779940 сом),1993 г./дизель/руль слева,Нет фото
Киргизстан ППЛ-Ф-1.6,$ $ 1 741 (146244 сом),2021 г./бензин/руль слева,https://im.mashina.kg/tachka/images//2/b/9/2b9b13b94f7db3d649e0b3ba901e2d83_240x180.jpg
МТЗ (Беларус) МТЗ-80,$ $ 4 991 (419244 сом),2008 г./дизель/руль слева,https://im.mashina.kg/tachka/images//4/6/a/46ab2d802a2b87e993ae667544342436_240x180.jpg
МТЗ (Беларус) МТЗ-82,$ $ 1 277 (107268 сом),2015 г./дизель/руль слева,Нет фото
Mitsubishi MT-185,$ $ 1 300 (109200 сом),2016 г./дизель/руль слева,https://im.mashina.kg/tachka/images//4/8/1/481a106af12fbf12b8517b1138af629f_240x180.jpg
Kubota B1-15D,$ $ 6 000 (504000 сом),2002 г./дизель/руль слева,https://im.mashina.kg/tachka/images//1/4/1/141cf512ba5d23289c823118cb80169b_240x180.jpg
Hyundai Колесные,$ $ 50 000 (4200000 сом),2009 г./дизель/руль слева,https://im.mashina.kg/tachka/images//a/5/2/a5204e5fad0ba9d5c58401ac6eafce58_240x180.jpg
Toyota Дизельные,$ $ 7 000 (588000 сом),"2020 г./дизель/руль слева, 2 км",https://im.mashina.kg/tachka/images//3/4/b/34b0dadd713966f33ae9b9d9739c2386_240x180.jpg
Hyundai Колесные,$ $ 71 000 (5964000 сом),"2014 г./дизель/руль слева, 12 000 км",https://im.mashina.kg/tachka/images//2/7/f/27f3d7a38e5617d9579dafa7ba79a0bb_240x180.jpg
Deutz-Fahr Agrotron,$ $ 5 223 (438732 сом),2021 г./дизель/руль слева,https://im.mashina.kg/tachka/images//7/1/2/71206cc89d2438d74d87bbd76afe9f4e_240x180.jpg
Hyundai Гусеничные,$ $ 85 000 (7140000 сом),2008 г./дизель/руль слева,https://im.mashina.kg/tachka/images//9/1/b/91b337369fb6fbec9a30b8fe8d90f898_240x180.jpg
Hyundai Колесные,$ $ 54 000 (4536000 сом),"2012 г./дизель/руль слева, 16 000 км",https://im.mashina.kg/tachka/images//6/1/d/61ddcac57dd0b5b55788b84bcc0d5f55_240x180.jpg
Hyundai Колесные,$ $ 49 000 (4116000 сом),"2017 г./дизель/руль слева, 5 600 км",https://im.mashina.kg/tachka/images//2/6/e/26e840e7a07fcc431bbb12662e12cbb7_240x180.jpg
CKD AD - Series,$ $ 36 000 (3024000 сом),1995 г./дизель/руль слева,https://im.mashina.kg/tachka/images//8/e/0/8e03fce6d3bb0a7a4a86c2bfce9608f2_240x180.jpg
Kubota B1600,$ $ 3 946 (331464 сом),2000 г./дизель/руль слева,https://im.mashina.kg/tachka/images//0/b/b/0bb192c6ef1d086ce039af87aae95e26_240x180.jpg
Howo ZZ1257N5847C,$ $ 16 249 (1364916 сом),"2007 г./дизель/руль слева, 35 000 км",https://im.mashina.kg/tachka/images//0/0/4/004f53c8a69511fd5b338007d8f92d1a_240x180.jpg
Fortschritt E281,$ $ 13 928 (1169952 сом),1993 г./дизель/руль слева,https://im.mashina.kg/tachka/images//a/9/1/a9185eea8da530bd61c7b3739048b1d7_240x180.jpg
Mercedes-Benz Zetros 2733,$ $ 15 500 (1302000 сом),1988 г./дизель/руль слева,https://im.mashina.kg/tachka/images//0/d/f/0df26ce50dbe4d5da465f72c18a57b15_240x180.jpg
МТЗ (Беларус) МТЗ-082,$ $ 6 383 (536172 сом),1990 г./дизель/руль слева,https://im.mashina.kg/tachka/images//f/b/1/fb1e072c72a978bd21645837ce906e6a_240x180.jpg
Hyundai Колесные,$ $ 37 000 (3108000 сом),"2010 г./дизель/руль слева, 15 000 км",https://im.mashina.kg/tachka/images//e/3/3/e335a70f7b9b8dffb07afb86c6fe9453_240x180.jpg
Foton TE,$ $ 12 187 (1023708 сом),"2021 г./дизель/руль слева, 70 км",https://im.mashina.kg/tachka/images//d/5/f/d5f90b61db1ba7ad73e6804f2c1bbfc3_240x180.jpg
Tiangong Автогрейдеры,$ $ 40 000 (3360000 сом),2012 г./дизель/руль слева,https://im.mashina.kg/tachka/images//6/4/3/6436297d1400c8473e68abd686cd550c_240x180.jpg
BAT BB100T1,$ $ 30 000 (2520000 сом),2010 г./дизель/руль слева,https://im.mashina.kg/tachka/images//d/c/c/dccb2629d3b96579be784918b31e7a9c_240x180.jpg
Lonking LG - series,$ $ 22 000 (1848000 сом),2015 г./дизель/руль слева,https://im.mashina.kg/tachka/images//f/a/2/fa23d292604bd253c022ba5b6bc3a8c7_240x180.jpg
МТЗ (Беларус) ТТР-401,$ $ 1 857 (155988 сом),1990 г./дизель/руль слева,https://im.mashina.kg/tachka/images//9/f/1/9f1e3ebdd8437c2786d4c35add428e16_240x180.jpg
МТЗ (Беларус) МТЗ-80,$ $ 4 526 (380184 сом),1989 г./дизель/руль слева,https://im.mashina.kg/tachka/images//0/f/6/0f6eb1fae51a491807fc05cd07d84ff7_240x180.jpg
Hyundai Колесные,$ $ 30 000 (2520000 сом),2002 г./дизель/руль слева,https://im.mashina.kg/tachka/images//3/0/0/300ef0dc39483a93e8a9a1df36531dc3_240x180.jpg
МТЗ (Беларус) МТЗ-82,$ $ 3 250 (273000 сом),2009 г./дизель/руль слева,https://im.mashina.kg/tachka/images//f/c/1/fc1b109cc396d0a10c65b9ed123ffc69_240x180.jpg
МТЗ (Беларус) МТЗ-82,$ $ 12 500 (1050000 сом),2016 г./дизель/руль слева,https://im.mashina.kg/tachka/images//3/e/0/3e074f7b9a7de080693ad809183fd67c_240x180.jpg
МТЗ (Беларус) МТЗ-82,$ $ 3 714 (311976 сом),2009 г./дизель/руль слева,https://im.mashina.kg/tachka/images//8/8/1/8813e33eacee7bad11c56905a812139e_240x180.jpg
МТЗ (Беларус) МТЗ-82,$ $ 15 669 (1316196 сом),2009 г./дизель/руль слева,https://im.mashina.kg/tachka/images//a/f/d/afdb767a250c68f32ed87a1b041c4c95_240x180.jpg
Hyundai Колесные,$ $ 45 000 (3780000 сом),"2007 г./дизель/руль слева, 10 000 км",https://im.mashina.kg/tachka/images//9/b/1/9b1be74c65748dbabf09f2f4157f625c_240x180.jpg
Zoomlion QUY50,$ $ 65 000 (5460000 сом),2009 г./дизель/руль слева,https://im.mashina.kg/tachka/images//7/9/6/79676ccc228c4b68b3af222d9def4a09_240x180.jpg
MAN Автогидроподъемники,$ $ 13 000 (1092000 сом),1990 г./дизель/руль справа,https://im.mashina.kg/tachka/images//0/9/6/0963571408da3b458a23cb5083689785_240x180.jpg
Caterpillar 325,$ $ 45 000 (3780000 сом),"2005 г./дизель/руль слева, 9 000 км",https://im.mashina.kg/tachka/images//0/0/1/0018096fa69a29d8b42c05b010f82e12_240x180.jpg
LiuGong ZL 50,$ $ 30 000 (2520000 сом),2007 г./дизель/руль слева,https://im.mashina.kg/tachka/images//c/8/a/c8a384f0a95e0d16a5b986f5a3a9a344_240x180.jpg
КамАЗ КамАЗ,$ $ 30 000 (2520000 сом),"2014 г./дизель/руль слева, 50 000 км",https://im.mashina.kg/tachka/images//b/8/d/b8d7f1d264f70a4aba3e60391ca204ae_240x180.jpg
Samsung MX,$ $ 23 213 (1949892 сом),2022 г./дизель/руль слева,Нет фото
ЛТЗ Т-40АМ,$ $ 2 902 (243768 сом),1989 г./дизель/руль слева,https://im.mashina.kg/tachka/images//f/c/d/fcd2714a5545ff5ac017e44c875a0bc2_240x180.jpg
Fortschritt E281,$ $ 7 544 (633696 сом),"1987 г./дизель/руль слева, 123 111 км",https://im.mashina.kg/tachka/images//3/7/7/3770771cc7cefbd2d57c6f92525567f1_240x180.jpg
Hyundai Колесные,$ $ 34 000 (2856000 сом),"2011 г./дизель/руль слева, 6 000 км",https://im.mashina.kg/tachka/images//f/a/1/fa17b8c8b2d074833646dc7f1e90e4ab_240x180.jpg
Hyundai Колесные,$ $ 48 000 (4032000 сом),"2013 г./дизель/руль слева, 10 000 км",https://im.mashina.kg/tachka/images//8/0/d/80d8c6a290fc35441416d5cb3b29521e_240x180.jpg
Hyundai Колесные,$ $ 47 000 (3948000 сом),"2012 г./дизель/руль слева, 12 000 км",https://im.mashina.kg/tachka/images//5/4/8/548ff7881814d159fe8d327ec805592e_240x180.jpg
Doosan DX,$ $ 43 000 (3612000 сом),2012 г./дизель/руль слева,https://im.mashina.kg/tachka/images//f/9/5/f95abb1d5029d10e53e414d068d868cf_240x180.jpg
Ticab Мира-1,$ $ 3 025 (254100 сом),2022 г./газ/руль слева,https://im.mashina.kg/tachka/images//7/c/3/7c3fb0401cec65fe94f661d825bfc1fd_240x180.jpg
Ticab BP-200,$ $ 3 960 (332640 сом),2022 г./бензин/руль слева,https://im.mashina.kg/tachka/images//7/b/5/7b52c9b089f60330ac5bcca603dbf196_240x180.jpg
XCMG LW - series,$ $ 28 700 (2410800 сом),2021 г./дизель/руль слева,https://im.mashina.kg/tachka/images//a/3/3/a33c9f8ec48a8cac01ee169f6fb75dd6_240x180.jpg
Howo Миксер,$ $ 40 000 (3360000 сом),"2014 г./дизель/руль слева, 36 000 км",https://im.mashina.kg/tachka/images//8/4/e/84e7cbd34fb9452e9653c9fa4c9c097d_240x180.jpg
МТЗ (Беларус) МТЗ-50,$ $ 987 (82908 сом),2004 г./дизель/руль слева,https://im.mashina.kg/tachka/images//c/d/3/cd3825718cd5df777a56dd0d9d264c90_240x180.jpg
Hyundai Колесные,$ $ 49 999 (4199916 сом),2010 г./дизель/руль слева,https://im.mashina.kg/tachka/images//e/6/a/e6acd30d39ca99ef61dd66344786d36b_240x180.jpg
New Holland T5,$ $ 27 000 (2268000 сом),2018 г./дизель/руль слева,https://im.mashina.kg/tachka/images//0/4/6/04686a3cc11107a58dcd646eb9038675_240x180.jpg
Komatsu WB97R,$ $ 29 000 (2436000 сом),1998 г./дизель/руль слева,https://im.mashina.kg/tachka/images//f/2/7/f27de22c3b38f7eb2f1fa85358b1ec12_240x180.jpg
Агромашхолдинг 50ТК,$ $ 406 (34104 сом),2022 г./дизель/руль слева,https://im.mashina.kg/tachka/images//a/c/c/acc4852eb47b89f68b8c3adf049b2e19_240x180.jpg
Hitachi Гусеничные,$ $ 30 000 (2520000 сом),2012 г./дизель/руль слева,https://im.mashina.kg/tachka/images//d/c/9/dc9b811a32caf2bab0a4786055cca16c_240x180.jpg
Doosan Solar,$ $ 38 000 (3192000 сом),2000 г./дизель/руль слева,https://im.mashina.kg/tachka/images//e/6/7/e670dcf208085d135d2dd29d9b3f7b78_240x180.jpg
МТЗ (Беларус) МТЗ-82,$ $ 7 544 (633696 сом),1990 г./дизель/руль слева,https://im.mashina.kg/tachka/images//b/0/f/b0fe3851f82469c03035a16a14e2f708_240x180.jpg
Samsung MX,$ $ 18 000 (1512000 сом),1994 г./дизель/руль слева,https://im.mashina.kg/tachka/images//8/2/d/82d5dc1fcaf3be723dfa147a6493a7a0_240x180.jpg
MAN Автогидроподъемники,$ $ 21 000 (1764000 сом),"1990 г./дизель/руль слева, 75 000 км",https://im.mashina.kg/tachka/images//a/5/c/a5cccfa3d39531e03bc54b4681f3cb9c_240x180.jpg
Nissan АГП (Автовышки),$ $ 19 000 (1596000 сом),"1986 г./дизель/руль слева, 250 000 км",https://im.mashina.kg/tachka/images//8/8/1/881ea42c626e62739271aba4f3b3efdd_240x180.jpg
Hyundai Колесные,$ $ 44 000 (3696000 сом),"2012 г./дизель/руль слева, 17 000 км",https://im.mashina.kg/tachka/images//8/b/8/8b8679fc72097ba0ce1e9cfde0fd3536_240x180.jpg
LiuGong ZL 50,$ $ 53 000 (4452000 сом),2022 г./дизель/руль слева,https://im.mashina.kg/tachka/images//e/7/0/e70a03cef8d91bb4acd2f60bead9362d_240x180.jpg
LiuGong CLG,$ $ 158 000 (13272000 сом),2022 г./дизель/руль слева,https://im.mashina.kg/tachka/images//1/1/6/116ea375406e7ae7e40feee6c32a91cd_240x180.jpg
Hyundai R300LC,$ $ 110 000 (9240000 сом),"2017 г./дизель/руль слева, 7 500 км",https://im.mashina.kg/tachka/images//4/9/9/499fb96f7b7006290e9c36def9c8d475_240x180.jpg
МТЗ (Беларус) МТЗ-892,$ $ 2 902 (243768 сом),"2010 г./дизель/руль слева, 4 250 км",https://im.mashina.kg/tachka/images//b/e/1/be1d3b78428f8e052749606aadf3955b_240x180.jpg
МТЗ (Беларус) МТЗ-80,$ $ 5 223 (438732 сом),"2007 г./дизель/руль слева, 4 780 км",https://im.mashina.kg/tachka/images//a/e/4/ae4780b648852b4092258ec4f72ff583_240x180.jpg
МТЗ (Беларус) Экскаваторы траншейные,$ $ 15 669 (1316196 сом),2008 г./дизель/руль слева,https://im.mashina.kg/tachka/images//6/1/0/610dcbdb2adb11cb7647633efcbb193d_240x180.jpg
КамАЗ Каналопромывочные машины,$ $ 9 800 (823200 сом),"1982 г./дизель/руль справа, 250 000 км",https://im.mashina.kg/tachka/images//1/0/1/1018ddf15c130d87a79d7a648a45054a_240x180.jpg
Foton TB,$ $ 14 508 (1218672 сом),"2019 г./дизель/руль слева, 2 000 км",https://im.mashina.kg/tachka/images//1/3/f/13f527c63dcf5914cb1bac417d472aed_240x180.jpg
Hyundai Колесные,$ $ 72 000 (6048000 сом),"2011 г./дизель/руль слева, 12 900 км",https://im.mashina.kg/tachka/images//1/9/2/192b3b827f586e0309b10684f27c3900_240x180.jpg
Hyundai Гусеничные,$ $ 2 300 (193200 сом),2003 г./дизель/руль слева,https://im.mashina.kg/tachka/images//6/7/a/67a20628046d9ee94e18e725b0999ee6_240x180.jpg
Hyundai Колесные,$ $ 47 000 (3948000 сом),2006 г./дизель/руль слева,https://im.mashina.kg/tachka/images//0/4/2/042103d31e361dec97917ab778fd75ec_240x180.jpg
Hyundai Колесные,$ $ 15 206 (1277304 сом),2015 г./дизель/руль слева,https://im.mashina.kg/tachka/images//3/9/d/39d5b1d5d2923840c2208d20729a9ac9_240x180.jpg
Hyundai 15D,$ $ 15 000 (1260000 сом),2015 г./дизель/руль слева,https://im.mashina.kg/tachka/images//e/d/3/ed3a119231a66a9ba965a0b2bb58b277_240x180.jpg
Hyundai Колесные,$ $ 48 000 (4032000 сом),"2016 г./дизель/руль слева, 8 000 км",https://im.mashina.kg/tachka/images//6/b/1/6b1c6fdeff4dff809a41ee68d182136f_240x180.jpg
ХТЗ Колесные трактора,$ $ 2 321 (194964 сом),1986 г./дизель/руль слева,https://im.mashina.kg/tachka/images//d/c/e/dceb0eb827e1eb75242950db58704bbb_240x180.jpg
Hyundai Колесные,$ $ 32 000 (2688000 сом),2008 г./дизель/руль слева,https://im.mashina.kg/tachka/images//d/1/4/d144c1f00367f03b707e4c1e9ba932db_240x180.jpg
YTO YTO-X1004,$ $ 16 945 (1423380 сом),2010 г./дизель/руль слева,https://im.mashina.kg/tachka/images//f/9/8/f986d2d6f06cfbece69e378d764b9a04_240x180.jpg
Hyundai Колесные,$ $ 45 000 (3780000 сом),"2008 г./дизель/руль слева, 15 580 км",https://im.mashina.kg/tachka/images//2/3/2/232691354728d3fac49766b1bd981e28_240x180.jpg
JCB 3CX,$ $ 64 415 (5410860 сом),2022 г./дизель/руль слева,https://im.mashina.kg/tachka/images//2/1/0/210e4ebe46f7087fcbbb7f9c5517bc00_240x180.jpg
Hyundai Колесные,$ $ 65 000 (5460000 сом),"2012 г./дизель/руль слева, 15 000 км",https://im.mashina.kg/tachka/images//3/b/1/3b1714dce3390a5093a757ae519f5d1c_240x180.jpg
Hyundai Колесные,$ $ 47 000 (3948000 сом),"2013 г./дизель/руль слева, 11 000 км",https://im.mashina.kg/tachka/images//6/c/1/6c12149f815e6cf190a56bd5a3b539db_240x180.jpg
Zoomlion QUY50,$ $ 120 000 (10080000 сом),"2018 г./дизель/руль слева, 35 000 км",https://im.mashina.kg/tachka/images//8/7/b/87bf16b42dcc6809c6ca1bd3d1da4d72_240x180.jpg
Agrifac Свёклоуборочные комбайны,$ $ 6 300 (529200 сом),2002 г./дизель/руль слева,https://im.mashina.kg/tachka/images//7/5/8/758602785aa67e0d6dd0dda10fdb8352_240x180.jpg
МТЗ (Беларус) ТТР-401,$ $ 1 973 (165732 сом),"1990 г./дизель/руль слева, 986 598 км",https://im.mashina.kg/tachka/images//d/4/3/d4361ac2feff89ab0d683fad65ebfe44_240x180.jpg
Caterpillar Гусеничные,$ $ 173 000 (14532000 сом),"2018 г./дизель/руль слева, 2 000 км",https://im.mashina.kg/tachka/images//9/6/9/969cbbfa0481d07a3c67a4c5c09f0f7b_240x180.jpg
Caterpillar Гусеничные,$ $ 166 000 (13944000 сом),2022 г./дизель/руль слева,https://im.mashina.kg/tachka/images//e/b/f/ebfd97f1b51880209c6fcaa9e3901fd8_240x180.jpg
SEM 650,$ $ 55 000 (4620000 сом),2022 г./дизель/руль слева,https://im.mashina.kg/tachka/images//e/a/b/eab8b87853af3d02d1c9a147da17087c_240x180.jpg
Hyundai Колесные,$ $ 57 000 (4788000 сом),"2019 г./дизель/руль слева, 5 000 км",https://im.mashina.kg/tachka/images//0/4/f/04f67e0fb3ff24bf2979db27669e8f83_240x180.jpg
XCMG QY25K5,$ $ 68 000 (5712000 сом),"2013 г./дизель/руль слева, 4 000 км",https://im.mashina.kg/tachka/images//1/9/2/1925cde34fbf6906e7600d721ce36cb2_240x180.jpg
Samsung MX,$ $ 26 695 (2242380 сом),1996 г./дизель/руль слева,https://im.mashina.kg/tachka/images//9/9/9/9990db52daf0f3dd6148d8bceac5f42d_240x180.jpg
Samsung MX,$ $ 15 000 (1260000 сом),1996 г./дизель/руль слева,https://im.mashina.kg/tachka/images//1/b/6/1b660ea491a5c91ff73ad3d28efa6100_240x180.jpg
Hyundai Колесные,$ $ 1 393 (117012 сом),"2011 г./дизель/руль слева, 10 000 км",https://im.mashina.kg/tachka/images//1/c/4/1c4c0f2f920b98508f8ec4ebd27daeda_240x180.jpg
Hyundai 18D,$ $ 17 000 (1428000 сом),"2016 г./дизель/руль слева, 80 000 км",https://im.mashina.kg/tachka/images//3/d/4/3d4d5d984613b68b9f0d6cd40f60e4c3_240x180.jpg
Rhinoceros-Xiniu XN,$ $ 18 000 (1512000 сом),2014 г./дизель/руль слева,https://im.mashina.kg/tachka/images//f/7/c/f7c724582ee23590ab3ff10433ef542a_240x180.jpg
Caterpillar 594,$ $ 3 250 (273000 сом),2015 г./дизель/руль слева,https://im.mashina.kg/tachka/images//1/7/d/17d374d36ef750d8bc7179a66379b6a9_240x180.jpg
Volvo Автобетоносмесители,$ $ 11 500 (966000 сом),2002 г./дизель/руль слева,https://im.mashina.kg/tachka/images//b/2/3/b2356439ff34a6523fed15db3f886d47_240x180.jpg
Kubota Aste,$ $ 18 000 (1512000 сом),"2020 г./дизель/руль слева, 815 км",https://im.mashina.kg/tachka/images//9/a/4/9a43da3a18f96d6c89ba1ec3c74d8bba_240x180.jpg
Xingtai XT,$ $ 3 598 (302232 сом),2014 г./дизель/руль слева,https://im.mashina.kg/tachka/images//a/5/0/a50909cfdd9d852111186081d65633d5_240x180.jpg
ХТЗ Колесные трактора,$ $ 5 223 (438732 сом),1985 г./дизель/руль слева,https://im.mashina.kg/tachka/images//4/b/7/4b766c2d465fddc2706b04045e21698c_240x180.jpg
Volvo EW,$ $ 29 000 (2436000 сом),2002 г./дизель/руль слева,https://im.mashina.kg/tachka/images//4/2/4/4246b53c178467786e62f25cb4f0950e_240x180.jpg
Brinkmann Estrich Boy,$ $ 26 000 (2184000 сом),"2014 г./дизель/руль слева, 3 000 км",https://im.mashina.kg/tachka/images//a/a/f/aaf00b4da2719ad94d2cd4713db830cf_240x180.jpg
Lonking LG - series,$ $ 30 000 (2520000 сом),"2016 г./дизель/руль слева, 4 700 км",https://im.mashina.kg/tachka/images//6/f/4/6f4f375b65a312e020114f770bc0d3da_240x180.jpg
МТЗ (Беларус) МТЗ-1221,$ $ 23 213 (1949892 сом),2013 г./дизель/руль слева,https://im.mashina.kg/tachka/images//b/8/4/b8412cb8643f4bbbe300667c3dae1cad_240x180.jpg
Lonking CDM,$ $ 37 500 (3150000 сом),2020 г./дизель/руль слева,https://im.mashina.kg/tachka/images//3/e/a/3eab27f7759e5b132e3cf3fb1123d50b_240x180.jpg
Mercedes-Benz Автобетононасос,$ $ 169 500 (14238000 сом),"2012 г./дизель/руль слева, 199 876 км",https://im.mashina.kg/tachka/images//2/2/d/22d4eaed4a1dc70d1f3878e4a9a21308_240x180.jpg
Hyundai Гусеничные,$ $ 60 000 (5040000 сом),2006 г./дизель/руль слева,https://im.mashina.kg/tachka/images//c/0/5/c05b105ccef2d548556ea185fe4e364f_240x180.jpg
Ticab ВРМ-500,$ $ 2 200 (184800 сом),2022 г./газ/руль слева,https://im.mashina.kg/tachka/images//f/5/0/f507ff7840a6ea8429af890c3131ff6d_240x180.jpg
Ticab RPS-6000,$ $ 48 950 (4111800 сом),2022 г./дизель/руль слева,https://im.mashina.kg/tachka/images//f/d/2/fd2f1a130ff7303033a9bce86309e01f_240x180.jpg
Ticab Комплекс Мира-3,$ $ 10 120 (850080 сом),2022 г./бензин / газ/руль слева,https://im.mashina.kg/tachka/images//a/7/7/a77bec2d65458d42241748d4538851db_240x180.jpg
Ticab BS-1000,$ $ 6 050 (508200 сом),2022 г./бензин / газ/руль слева,https://im.mashina.kg/tachka/images//4/e/f/4effa0876b9930ceed5e8c021293335a_240x180.jpg
Ticab PA-800,$ $ 36 520 (3067680 сом),2022 г./дизель/руль слева,https://im.mashina.kg/tachka/images//5/8/2/5828eeecca97a8ac3d6fde02d197b8a8_240x180.jpg
Ticab RPS-1500,$ $ 9 020 (757680 сом),2022 г./бензин/руль слева,https://im.mashina.kg/tachka/images//5/f/2/5f299cdc393290d8ff388a2efde689d3_240x180.jpg
JCB 1CX,$ $ 10 000 (840000 сом),2008 г./дизель/руль слева,https://im.mashina.kg/tachka/images//1/3/5/13546bd92cde89a57fd67e9b845b7b3b_240x180.jpg
YTO YTO-504,$ $ 8 705 (731220 сом),2012 г./дизель/руль слева,https://im.mashina.kg/tachka/images//e/f/d/efd225208af05cb9a9ec6c227f817a33_240x180.jpg
Hyundai Колесные,$ $ 27 855 (2339820 сом),2006 г./дизель/руль слева,https://im.mashina.kg/tachka/images//2/2/b/22bf9e4f154e456a90fef5bbbbb47b75_240x180.jpg
Hyundai Колесные,$ $ 12 767 (1072428 сом),"1995 г./дизель/руль слева, 210 000 км",https://im.mashina.kg/tachka/images//7/c/c/7cc3eae29b2fc8017596aa14f5f389c3_240x180.jpg
Volvo Pel-Job,$ $ 52 500 (4410000 сом),2006 г./дизель/руль слева,https://im.mashina.kg/tachka/images//0/5/4/0549b10e6dc0044d31a7ea48dc3cef20_240x180.jpg
МТЗ (Беларус) ТТР-401,$ $ 2 553 (214452 сом),2022 г./дизель/руль слева,https://im.mashina.kg/tachka/images//0/9/8/09843bc8f65bc3c52f0af1ea37c048c5_240x180.jpg
Ticab Мира-1,$ $ 3 100 (260400 сом),2022 г./газ/руль слева,https://im.mashina.kg/tachka/images//0/2/7/02781d57ee5015f2aaab6528e7e4b48c_240x180.jpg
Ticab Комплекс Мира-3,$ $ 9 700 (814800 сом),2022 г./бензин / газ/руль слева,https://im.mashina.kg/tachka/images//f/f/2/ff28d26756f709d3128bbefcbbead547_240x180.jpg
Ticab BS-2000,$ $ 24 500 (2058000 сом),2022 г./дизель/руль слева,https://im.mashina.kg/tachka/images//5/8/b/58b03dc0edf4447cdf4c779704dfb53f_240x180.jpg
Ticab BS-500,$ $ 4 900 (411600 сом),2022 г./бензин / газ/руль слева,https://im.mashina.kg/tachka/images//7/5/d/75da21582e94359983af3e18deba1511_240x180.jpg
Ticab ВРМ-500,$ $ 36 000 (3024000 сом),2022 г./дизель/руль слева,https://im.mashina.kg/tachka/images//c/a/f/caf80ee007e0c1a7c61614dd2cc0d02b_240x180.jpg
Hyundai Колесные,$ $ 65 000 (5460000 сом),"2013 г./дизель/руль слева, 16 000 км",https://im.mashina.kg/tachka/images//8/1/8/8189bcde0852f1e8ea468deeaad65151_240x180.jpg
Hyundai Колесные,$ $ 65 000 (5460000 сом),"2014 г./дизель/руль слева, 9 000 км",https://im.mashina.kg/tachka/images//9/5/b/95bf21c3582c1b879e2f4749e2f94cbd_240x180.jpg
ВгТЗ ВТ,$ $ 11 606 (974904 сом),"1987 г./дизель/руль справа, 200 000 км",https://im.mashina.kg/tachka/images//9/f/1/9f1f1951da451278b3d175e1718b9c21_240x180.jpg
Zoomlion RT35,$ $ 60 000 (5040000 сом),"2015 г./дизель/руль слева, 3 000 км",https://im.mashina.kg/tachka/images//f/2/b/f2bea0d75fe1c232511e3e6ed10c5f4a_240x180.jpg
XCMG QY25K5,$ $ 72 000 (6048000 сом),"2014 г./дизель/руль слева, 80 000 км",https://im.mashina.kg/tachka/images//4/d/1/4d18cb56a8c9ad6115eb5a8d2898c059_240x180.jpg
XCMG QY-40K,$ $ 80 000 (6720000 сом),"2016 г./дизель/руль слева, 200 000 км",https://im.mashina.kg/tachka/images//a/f/7/af71032427fcc8d935f472eb0d047be2_240x180.jpg
Doosan DX,$ $ 40 000 (3360000 сом),2000 г./дизель/руль слева,https://im.mashina.kg/tachka/images//c/b/9/cb97b0960a6dd28b7c96aaf78e4db397_240x180.jpg
Foton TB,$ $ 3 482 (292488 сом),2015 г./дизель/руль слева,https://im.mashina.kg/tachka/images//e/2/2/e22803fe3ede13771372b3296222afce_240x180.jpg
Shibaura ST460,$ $ 6 964 (584976 сом),2001 г./дизель/руль слева,https://im.mashina.kg/tachka/images//5/3/5/535a2991d07f56f4cd3385dde99aec48_240x180.jpg
Volvo Самосвалы сочлененные,$ $ 620 000 (52080000 сом),"2022 г./дизель/руль слева, 200 км",https://im.mashina.kg/tachka/images//c/b/6/cb637105c89f39b008ecc8f53d5c3b3a_240x180.jpg
МТЗ (Беларус) МТЗ-082,$ $ 8 124 (682416 сом),"2022 г./дизель/руль слева, 1 000 км",https://im.mashina.kg/tachka/images//d/d/5/dd54355782f2eb3eee451acc9c440ce6_240x180.jpg
Caterpillar D6,$ $ 202 000 (16968000 сом),"2018 г./дизель/руль слева, 10 405 км",https://im.mashina.kg/tachka/images//d/e/0/de0ac5ae009510be73db4026c9ac0b00_240x180.jpg
КамАЗ XTX 185,$ $ 13 000 (1092000 сом),"1996 г./дизель/руль слева, 3 000 км",https://im.mashina.kg/tachka/images//3/0/b/30ba8052c2cba9efbe6681a6a7d91dba_240x180.jpg
Hyundai Porter,$ $ 7 544 (633696 сом),"1997 г./дизель/руль слева, 210 474 км",https://im.mashina.kg/tachka/images//c/8/a/c8a0c852c920411c58135e52e737def7_240x180.jpg
Ивановец КС-3574,$ $ 6 964 (584976 сом),1984 г./дизель/руль слева,https://im.mashina.kg/tachka/images//1/e/0/1e02012f812e22d96b609f5fec4c5bac_240x180.jpg
Volvo EW,$ $ 26 500 (2226000 сом),"2004 г./дизель/руль слева, 8 400 км",https://im.mashina.kg/tachka/images//8/d/f/8dffd9c01e6ecf4649112b7412e7cd6d_240x180.jpg
XCMG LW - series,$ $ 25 000 (2100000 сом),"2014 г./дизель/руль слева, 15 000 км",https://im.mashina.kg/tachka/images//8/e/3/8e3fe64ebaeaffb2d8a56b62a414422f_240x180.jpg
Hyundai Колесные,$ $ 68 000 (5712000 сом),"2012 г./дизель/руль слева, 12 000 км",https://im.mashina.kg/tachka/images//b/b/3/bb3832559664c90cc8c96738a5c5c3dd_240x180.jpg
Hyundai Колесные,$ $ 25 000 (2100000 сом),2002 г./дизель/руль слева,https://im.mashina.kg/tachka/images//b/f/4/bf4b61d31f65598d47c67d198cc0eacc_240x180.jpg
МТЗ (Беларус) МТЗ-80,$ $ 4 410 (370440 сом),1990 г./дизель/руль слева,https://im.mashina.kg/tachka/images//9/b/1/9b1a659cf8622706c94289940c071185_240x180.jpg
Nissan DIESEL,$ $ 35 000 (2940000 сом),"1995 г./дизель/руль справа, 437 000 км",https://im.mashina.kg/tachka/images//d/2/d/d2d1345c7c3271a990f814e6f86c69c0_240x180.jpg
АТЗ ТТ-4,$ $ 2 321 (194964 сом),2008 г./дизель/руль слева,https://im.mashina.kg/tachka/images//7/5/6/7563ec74a9aed3eb820faaa6634a1d03_240x180.jpg
ХТЗ Т-70,$ $ 2 553 (214452 сом),"1973 г./дизель/руль слева, 55 555 км",https://im.mashina.kg/tachka/images//2/5/d/25defb987009ec517fc100389bcccacf_240x180.jpg
ХТЗ Т-70,$ $ 2 573 (216132 сом),1975 г./дизель/руль слева,Нет фото
Sany SCC 1500,$ $ 130 000 (10920000 сом),"2017 г./дизель/руль слева, 30 000 км",https://im.mashina.kg/tachka/images//2/3/6/236e7accbf04809b2fc7d484aaae0756_240x180.jpg
МТЗ (Беларус) МТЗ-82,$ $ 4 643 (390012 сом),2022 г./дизель/руль слева,https://im.mashina.kg/tachka/images//8/3/8/83860828fb299af42491713461fd879b_240x180.jpg
TYM T433,$ $ 9 865 (828660 сом),2005 г./дизель/руль справа,https://im.mashina.kg/tachka/images//c/1/1/c11701de36061da5b0a696d3fa52bd82_240x180.jpg
Hyundai Колесные,$ $ 22 500 (1890000 сом),2004 г./дизель/руль слева,https://im.mashina.kg/tachka/images//d/7/c/d7c093da07226622513ba58608ceb634_240x180.jpg
LiuGong ZL 50,$ $ 30 000 (2520000 сом),2017 г./дизель/руль слева,https://im.mashina.kg/tachka/images//d/4/7/d470e279f46caff1f5083f8821f3f102_240x180.jpg
Hyundai Колесные,$ $ 50 000 (4200000 сом),"2017 г./дизель/руль слева, 1 000 км",https://im.mashina.kg/tachka/images//6/a/2/6a257c02b9ceabaaf8548c535e047498_240x180.jpg
Hyundai Колесные,$ $ 36 000 (3024000 сом),"2010 г./дизель/руль слева, 10 000 км",https://im.mashina.kg/tachka/images//2/6/d/26d3e57922d72710503929bb09b5e5f3_240x180.jpg
SDLG LG 956,$ $ 30 000 (2520000 сом),"2013 г./дизель/руль слева, 156 000 км",https://im.mashina.kg/tachka/images//9/b/5/9b50b08c1be2b502b20d7eae0bcf2932_240x180.jpg
ЗИЛ КО-713,$ $ 6 383 (536172 сом),1983 г./дизель/руль слева,https://im.mashina.kg/tachka/images//7/1/b/71bad4b61d84d7d50d708743b6a23b67_240x180.jpg
Hidromek 370LC,$ $ 276 708 (23243472 сом),2022 г./дизель/руль слева,https://im.mashina.kg/tachka/images//b/e/e/bee760515391126801c6b41355bb423f_240x180.jpg
Hidromek 330 MG,$ $ 128 546 (10797864 сом),2022 г./дизель/руль слева,https://im.mashina.kg/tachka/images//d/b/4/db40efca5711584933b6428b61b03f9f_240x180.jpg
Hidromek 640WL,$ $ 296 772 (24928848 сом),2022 г./дизель/руль слева,https://im.mashina.kg/tachka/images//c/1/a/c1a9363facb3eb82585a6a2d8f9840c3_240x180.jpg
Hidromek 635WL,$ $ 245 544 (20625696 сом),2022 г./дизель/руль слева,https://im.mashina.kg/tachka/images//3/7/b/37bebd2b9fd28f922275104cf7f495e5_240x180.jpg
Hidromek 200W,$ $ 212 000 (17808000 сом),2022 г./дизель/руль слева,https://im.mashina.kg/tachka/images//e/2/1/e215d8e82f0005fc1a2d437f887c55c0_240x180.jpg
Hidromek 300LC,$ $ 225 557 (18946788 сом),2022 г./дизель/руль слева,https://im.mashina.kg/tachka/images//b/0/c/b0c1f3877c5329439e96b55d4c33195d_240x180.jpg
Hidromek 102B,$ $ 83 268 (6994512 сом),2022 г./дизель/руль слева,https://im.mashina.kg/tachka/images//a/6/1/a61796c9733bd9a45d6b771bdc6fa813_240x180.jpg
Hidromek 220LC,$ $ 175 222 (14718648 сом),2022 г./дизель/руль слева,https://im.mashina.kg/tachka/images//b/6/2/b62b36b45ef6fcfa2144a59cce0742f2_240x180.jpg
Hidromek 110 CS,$ $ 101 650 (8538600 сом),2022 г./дизель/руль слева,https://im.mashina.kg/tachka/images//0/6/d/06d5cdf71e177b7e65c7eedc547c85dd_240x180.jpg
MAN Автогидроподъемники,$ $ 20 000 (1680000 сом),1999 г./дизель/руль слева,https://im.mashina.kg/tachka/images//5/7/a/57aaef1fccbff9114767d437401fb353_240x180.jpg
Volvo BL,$ $ 90 000 (7560000 сом),2012 г./дизель/руль слева,https://im.mashina.kg/tachka/images//5/d/f/5df44572857f8b5557e77ba99f663f20_240x180.jpg
YTO YTO-X1004,$ $ 15 088 (1267392 сом),2006 г./дизель/руль слева,https://im.mashina.kg/tachka/images//9/0/0/9003188d5e50a1d727002ca2df73cbdb_240x180.jpg
Caterpillar Колёсные,$ $ 50 000 (4200000 сом),"2001 г./бензин/руль слева, 4 300 км",https://im.mashina.kg/tachka/images//4/4/e/44e764758e083868d99b13cbf4685ecf_240x180.jpg
Hyundai Колесные,$ $ 60 000 (5040000 сом),"2010 г./дизель/руль слева, 15 999 км",https://im.mashina.kg/tachka/images//5/f/a/5fa83236be24e8acabacf541f5a58219_240x180.jpg
Hyundai Колесные,$ $ 36 000 (3024000 сом),"2010 г./дизель/руль слева, 10 000 км",https://im.mashina.kg/tachka/images//5/3/a/53a0ddd9e81475495f3e301f708cfdb9_240x180.jpg
Hyundai Колесные,$ $ 23 000 (1932000 сом),2002 г./дизель/руль слева,https://im.mashina.kg/tachka/images//a/a/4/aa47c35500a117df43e28f4a8b7027fb_240x180.jpg
JAC Бетоносмеситель 6x4,$ $ 31 000 (2604000 сом),"2010 г./дизель/руль слева, 10 000 км",https://im.mashina.kg/tachka/images//d/b/d/dbd5582047478b35924dbc9e247202e4_240x180.jpg
Уралвагонзавод РТ,$ $ 1 755 (147420 сом),1989 г./дизель/руль слева,Нет фото
DongFeng EQ 1168 GLJ2,$ $ 45 000 (3780000 сом),"2021 г./дизель/руль слева, 400 км",https://im.mashina.kg/tachka/images//9/a/6/9a69dddc1e99a0771123f137139ce50c_240x180.jpg
МТЗ (Беларус) МТЗ-82,$ $ 11 026 (926184 сом),1992 г./дизель/руль слева,https://im.mashina.kg/tachka/images//5/7/3/573ee1f3813469c2bc64606e29b2b444_240x180.jpg
Samsung MX,$ $ 27 500 (2310000 сом),"1998 г./дизель/руль слева, 112 233 км",https://im.mashina.kg/tachka/images//e/c/e/ece3081b17e9d445a9af3ad944e7dbbc_240x180.jpg
Hyundai Колесные,$ $ 53 500 (4494000 сом),"2011 г./дизель/руль слева, 16 000 км",https://im.mashina.kg/tachka/images//f/b/a/fbacc8de574a77fc5bdecad6ff566025_240x180.jpg
МАЗ Автокраны,$ $ 11 000 (924000 сом),"1998 г./дизель/руль слева, 150 000 км",https://im.mashina.kg/tachka/images//0/f/0/0f02c2537466a5e3f9b2f554e1225795_240x180.jpg
Yanmar FX-255,$ $ 6 848 (575232 сом),2006 г./дизель/руль слева,https://im.mashina.kg/tachka/images//8/9/2/892d1f131cb0a5916c106d47111e8691_240x180.jpg
Mercedes-Benz Actros 3336,$ $ 35 000 (2940000 сом),1999 г./дизель/руль слева,https://im.mashina.kg/tachka/images//5/d/4/5d4d5439a1616ea3f457ca88f78323df_240x180.jpg
Dynapac Дорожные катки,$ $ 10 000 (840000 сом),"2012 г./дизель/руль слева, 1 000 км",https://im.mashina.kg/tachka/images//3/5/7/3576b88a950af08e6af96e2131f45996_240x180.jpg
МТЗ (Беларус) МТЗ-80,$ $ 8 124 (682416 сом),"1990 г./дизель/руль слева, 250 000 км",https://im.mashina.kg/tachka/images//5/3/5/535f68e520d3b3aca1c101d6f64a294f_240x180.jpg
Linde H140,$ $ 10 300 (865200 сом),2008 г./дизель/руль слева,https://im.mashina.kg/tachka/images//f/4/5/f450f2a7b293a0a1eea288f7ae93e8bf_240x180.jpg
Clark C30,$ $ 9 000 (756000 сом),2000 г./дизель/руль слева,https://im.mashina.kg/tachka/images//0/2/b/02bd228e30e85536bf6596f5b57c1ea7_240x180.jpg
MAN Автогидроподъемники,$ $ 18 500 (1554000 сом),"1988 г./дизель/руль слева, 10 000 км",https://im.mashina.kg/tachka/images//c/6/0/c60cf07edeaa89490fe545d3fb3a7847_240x180.jpg
КамАЗ 6520,$ $ 10 500 (882000 сом),2008 г./дизель/руль слева,https://im.mashina.kg/tachka/images//7/f/2/7f20f6769586804195c5abd26e5e40d2_240x180.jpg
ВгТЗ ВТ,$ $ 2 321 (194964 сом),"1988 г./дизель/руль слева, 100 000 км",https://im.mashina.kg/tachka/images//a/6/b/a6b7ca45bdcc258ace4fc4dae5772705_240x180.jpg
Volvo EC,$ $ 43 000 (3612000 сом),2000 г./дизель/руль слева,https://im.mashina.kg/tachka/images//d/3/c/d3cc24a61e1ef53155787d1bab8f3948_240x180.jpg
МТЗ (Беларус) МТЗ-80,$ $ 3 482 (292488 сом),"1988 г./дизель/руль слева, 50 000 км",https://im.mashina.kg/tachka/images//d/8/8/d888a114d892136cc7cd6210a896262e_240x180.jpg
КамАЗ КамАЗ,$ $ 25 000 (2100000 сом),"2005 г./дизель/руль слева, 100 000 км",https://im.mashina.kg/tachka/images//8/6/c/86c6528959c5d8392bf6b7c47dc23542_240x180.jpg
ЧТЗ Т-130,$ $ 12 000 (1008000 сом),1990 г./дизель/руль слева,https://im.mashina.kg/tachka/images//0/1/2/0129d8a35cee5ab2a794b0051d0152ab_240x180.jpg
ЮМЗ 6,$ $ 2 321 (194964 сом),"1990 г./дизель/руль слева, 1 000 000 км",https://im.mashina.kg/tachka/images//0/1/4/014102e6793c358125311cfa5013d62e_240x180.jpg
КамАЗ КамАЗ,$ $ 22 000 (1848000 сом),2005 г./дизель/руль слева,https://im.mashina.kg/tachka/images//6/9/6/6961e743031e91cc64db42793e9fed45_240x180.jpg
Юргинец КС-5871,$ $ 16 000 (1344000 сом),2018 г./дизель/руль слева,https://im.mashina.kg/tachka/images//5/7/c/57c8d2bc9312a24d137f6d2ad7d52d32_240x180.jpg
Hitachi Гусеничные,$ $ 16 500 (1386000 сом),2002 г./дизель/руль слева,https://im.mashina.kg/tachka/images//4/6/e/46ee6f3ab75e914043bd06cad20c643d_240x180.jpg
МТЗ (Беларус) МТЗ-80,$ $ 4 679 (393036 сом),1992 г./дизель/руль слева,https://im.mashina.kg/tachka/images//9/5/d/95d6e23b7f332fee9c28fdd242983cea_240x180.jpg
Hyundai Колесные,$ $ 40 000 (3360000 сом),"2005 г./гибрид/руль слева, 101 010 км",https://im.mashina.kg/tachka/images//2/b/7/2b7790c28293d0c6c6651510440e1d14_240x180.jpg
КамАЗ КамАЗ,$ $ 28 658 (2407272 сом),"2005 г./дизель/руль слева, 50 000 км",https://im.mashina.kg/tachka/images//8/1/b/81bf975357632477a0c65f2b9f1f8601_240x180.jpg
ЗИЛ Автогудронаторы,$ $ 2 310 (194040 сом),"1987 г./бензин/руль справа, 150 000 км",https://im.mashina.kg/tachka/images//4/4/2/442e9ab3f0ee806cd83a357f491d9888_240x180.jpg
МТЗ (Беларус) ТТР-401,$ $ 2 902 (243768 сом),1988 г./дизель/руль слева,Нет фото
МТЗ (Беларус) МТЗ-80,$ $ 7 018 (589512 сом),1993 г./дизель/руль слева,https://im.mashina.kg/tachka/images//f/6/5/f650242bbd6a8d0b4530030b214344b6_240x180.jpg
МТЗ (Беларус) ТТР-401,$ $ 2 924 (245616 сом),1985 г./дизель/руль слева,Нет фото
Hyundai Колесные,$ $ 30 000 (2520000 сом),2008 г./дизель/руль слева,https://im.mashina.kg/tachka/images//3/1/1/31178e4d10a9bb0a8c5f8d537270f09b_240x180.jpg
Hyundai Колесные,$ $ 29 000 (2436000 сом),2004 г./дизель/руль слева,https://im.mashina.kg/tachka/images//e/6/e/e6ebb63166298f13108f58bad758a043_240x180.jpg
Hyundai Колесные,$ $ 33 000 (2772000 сом),"2003 г./дизель/руль слева, 21 000 км",https://im.mashina.kg/tachka/images//e/3/5/e356e7c908bf6d43c0d9637c68a7a669_240x180.jpg
МАЗ Автокраны,$ $ 10 000 (840000 сом),1991 г./бензин/руль слева,Нет фото
Ивановец КС-54711-1,$ $ 9 999 (839916 сом),1991 г./бензин/руль слева,https://im.mashina.kg/tachka/images//e/7/e/e7e4f79cf5be37ceedad70eeca7dd4ba_240x180.jpg
Caterpillar Challenger,$ $ 16 000 (1344000 сом),2018 г./дизель/руль слева,https://im.mashina.kg/tachka/images//b/c/6/bc6dfee95a6eff355c8e29171c884295_240x180.jpg
Ростсельмаш ACROS,$ $ 12 500 (1050000 сом),2005 г./дизель/руль слева,https://im.mashina.kg/tachka/images//b/e/8/be80359381ff696ad3a076b891bb194e_240x180.jpg
Zoomlion QY25V,$ $ 100 000 (8400000 сом),"2019 г./дизель/руль слева, 4 000 км",https://im.mashina.kg/tachka/images//2/8/6/2863b9c796a98fecd9812512e320e639_240x180.jpg
МТЗ (Беларус) МТЗ-80,$ $ 4 062 (341208 сом),1989 г./дизель/руль слева,https://im.mashina.kg/tachka/images//2/8/1/281e442c89cb48e659f9aed27ee530c5_240x180.jpg
Кировец К-703,$ $ 25 000 (2100000 сом),1991 г./дизель/руль слева,https://im.mashina.kg/tachka/images//5/0/2/5029420eaf95248d585f9fa7f4409800_240x180.jpg
Komatsu PC 30 MR,$ $ 9 285 (779940 сом),1993 г./дизель/руль слева,https://im.mashina.kg/tachka/images//5/6/8/568a6bae4f9b83b71e292fa19bd6ac6d_240x180.jpg
Zoomlion Автобетононасосы,$ $ 118 000 (9912000 сом),2011 г./дизель/руль слева,https://im.mashina.kg/tachka/images//b/c/0/bc0a460e88f62d181bc091ff45d6d062_240x180.jpg
XCMG QY25K5,$ $ 90 000 (7560000 сом),"2015 г./дизель/руль слева, 123 456 км",https://im.mashina.kg/tachka/images//0/d/b/0db8785a9bf45f44adc4bc3c85ad4874_240x180.jpg
Hyundai Колесные,$ $ 26 000 (2184000 сом),2004 г./дизель/руль слева,https://im.mashina.kg/tachka/images//c/6/3/c635d2f699e352caa36579b678f8acd9_240x180.jpg
YTO YTO-404,$ $ 4 643 (390012 сом),1996 г./дизель/руль слева,https://im.mashina.kg/tachka/images//5/3/b/53b8b18aded00e3f0cdeec53b6c5024a_240x180.jpg
Zoomlion QY25V,$ $ 70 000 (5880000 сом),2011 г./дизель/руль слева,https://im.mashina.kg/tachka/images//a/4/6/a467cd91280aa394a531c693817dd512_240x180.jpg
МТЗ (Беларус) МТЗ-82,$ $ 3 830 (321720 сом),1960 г./дизель/руль слева,https://im.mashina.kg/tachka/images//6/4/5/645082e3bf52dbcd1d6f338e7775607d_240x180.jpg
Mitsubishi MM57SR,$ $ 8 000 (672000 сом),2000 г./дизель/руль слева,https://im.mashina.kg/tachka/images//4/f/4/4f4c2b7c8bed49339ca0b4d3aa9aad10_240x180.jpg
ЮМЗ 6,$ $ 3 482 (292488 сом),1992 г./дизель/руль слева,https://im.mashina.kg/tachka/images//6/2/a/62a1f243d4f95510c7b460df5b3f8bdd_240x180.jpg
Daewoo Колесные,$ $ 28 000 (2352000 сом),"1995 г./дизель/руль слева, 199 000 км",https://im.mashina.kg/tachka/images//e/7/9/e79f5451e765586df36ee2b4f9f9a537_240x180.jpg
Zoomlion RT35,$ $ 85 000 (7140000 сом),2014 г./дизель/руль слева,https://im.mashina.kg/tachka/images//e/8/4/e843e8e5464e0b58f7982b40ab02b374_240x180.jpg
XCMG GY50,$ $ 110 000 (9240000 сом),2014 г./дизель/руль слева,https://im.mashina.kg/tachka/images//0/2/8/028eebf8992476f61737cbdccb0d6d1b_240x180.jpg
МТЗ (Беларус) МТЗ-082,$ $ 9 285 (779940 сом),"2010 г./дизель/руль слева, 100 000 км",Нет фото
JCB 175,$ $ 6 300 (529200 сом),"2008 г./дизель/руль слева, 150 000 км",https://im.mashina.kg/tachka/images//b/f/a/bfa9d120a149bf4d37a151a3b1084d96_240x180.jpg
МТЗ (Беларус) МТЗ-82,$ $ 7 544 (633696 сом),1989 г./дизель/руль слева,https://im.mashina.kg/tachka/images//a/4/6/a46a619b05423999122d4cb4fc5ff155_240x180.jpg
ГАЗ КО-50313,$ $ 3 830 (321720 сом),"2022 г./бензин/руль слева, 81 098 км",https://im.mashina.kg/tachka/images//0/6/9/0695ff9bb376d673c39d7beeb3a8b479_240x180.jpg
МТЗ (Беларус) МТЗ-1021,$ $ 2 553 (214452 сом),1989 г./дизель/руль слева,https://im.mashina.kg/tachka/images//8/1/c/81c8ef97d99eb0e4d3f2fef7d1a6e114_240x180.jpg
Енисей Зерноуборочные комбайны,$ $ 21 000 (1764000 сом),2006 г./дизель/руль слева,https://im.mashina.kg/tachka/images//f/5/1/f515448780c03769442b3b0cb965ef22_240x180.jpg
XCMG ZL - series,$ $ 7 312 (614208 сом),2013 г./дизель/руль слева,https://im.mashina.kg/tachka/images//0/7/6/076028d039ffd40f8a1998a0a4a8a0c6_240x180.jpg
ЛТЗ Т-40АМ,$ $ 2 047 (171948 сом),1989 г./дизель/руль слева,https://im.mashina.kg/tachka/images//6/c/9/6c9a504184ff9e5ad920a8e1a6cb7ea4_240x180.jpg
Tadano GT-550E,$ $ 55 000 (4620000 сом),2004 г./дизель/руль слева,https://im.mashina.kg/tachka/images//1/9/9/199a77cb04ded6f192a099a82d906f73_240x180.jpg
ВгТЗ ВТ,$ $ 4 062 (341208 сом),1983 г./дизель/руль слева,https://im.mashina.kg/tachka/images//6/9/0/6901d1eaa8a84d90649b312c6cad19c8_240x180.jpg
МТЗ (Беларус) МТЗ-082,$ $ 3 250 (273000 сом),"2020 г./дизель/руль слева, 22 км",https://im.mashina.kg/tachka/images//2/1/f/21f1f86db1e2ceb41d174f8b3ad3b424_240x180.jpg
YTO YTO-504,$ $ 8 300 (697200 сом),"2011 г./дизель/руль слева, 4 000 км",Нет фото
Volvo EW,$ $ 38 301 (3217284 сом),"2000 г./дизель/руль слева, 888 658 км",https://im.mashina.kg/tachka/images//0/e/2/0e291a2e0fdcf7c9510a601fb40066df_240x180.jpg
МТЗ (Беларус) МТЗ-80,$ $ 4 062 (341208 сом),1987 г./дизель/руль слева,https://im.mashina.kg/tachka/images//6/b/7/6b70507f872dea8ee03b08ed47a30555_240x180.jpg
XCMG XS,$ $ 7 312 (614208 сом),2013 г./дизель/руль слева,Нет фото
Hyundai Колесные,$ $ 55 000 (4620000 сом),2011 г./дизель/руль слева,https://im.mashina.kg/tachka/images//0/d/f/0dfd734a66a2107f5af727e6e080a0c6_240x180.jpg
ГАЗ КО-503В,$ $ 4 643 (390012 сом),1995 г./бензин / газ/руль слева,https://im.mashina.kg/tachka/images//1/b/c/1bc3254ec8384d56e4c3c037c517006d_240x180.jpg
Hyundai Колесные,$ $ 47 000 (3948000 сом),2007 г./дизель/руль слева,https://im.mashina.kg/tachka/images//2/9/c/29cd31dc3a358672624173688377d976_240x180.jpg
Hyundai Колесные,$ $ 42 000 (3528000 сом),2006 г./дизель/руль слева,https://im.mashina.kg/tachka/images//8/9/5/895ef0346d1d27c9cbee1e8aba4a6db1_240x180.jpg
МТЗ (Беларус) МТЗ-082,$ $ 2 089 (175476 сом),1990 г./газ/руль слева,https://im.mashina.kg/tachka/images//d/c/3/dc36d7b7d50afed128991304e27410c5_240x180.jpg
Volvo EW,$ $ 29 000 (2436000 сом),"2003 г./дизель/руль слева, 17 000 км",https://im.mashina.kg/tachka/images//6/6/8/6682177efdb8d7b71f30705c6b786339_240x180.jpg
КамТЗ ТТХ 185,$ $ 15 000 (1260000 сом),2020 г./дизель/руль слева,Нет фото
IVECO EuroCargo,$ $ 25 000 (2100000 сом),2006 г./дизель/руль слева,https://im.mashina.kg/tachka/images//7/e/d/7ed349c430061515c8094f2dbf75c803_240x180.jpg
КамАЗ Каналопромывочные машины,$ $ 45 000 (3780000 сом),2010 г./дизель/руль слева,https://im.mashina.kg/tachka/images//5/c/c/5cce1e099c49bb8909a16c394a1e9eb1_240x180.jpg
YTO YTO-404,$ $ 4 000 (336000 сом),2006 г./дизель/руль слева,https://im.mashina.kg/tachka/images//2/3/2/232cc36e965cbff9955d48f250137c7c_240x180.jpg
Caterpillar 521,$ $ 30 000 (2520000 сом),"2022 г./дизель/руль слева, 1 км",https://im.mashina.kg/tachka/images//b/7/e/b7e38f348159d76fdd49832a6fae59c5_240x180.jpg
ЛТЗ Т-40АМ,$ $ 2 321 (194964 сом),1982 г./дизель/руль слева,https://im.mashina.kg/tachka/images//7/5/7/7573b4b89cd07a17fca2afd2c2246acd_240x180.jpg
Fortschritt E281,$ $ 11 000 (924000 сом),1990 г./дизель/руль слева,https://im.mashina.kg/tachka/images//9/e/9/9e97c46bb170c44f4891bf6015856211_240x180.jpg
XCMG QY25K5,$ $ 67 000 (5628000 сом),2012 г./дизель/руль слева,https://im.mashina.kg/tachka/images//2/3/0/230d174b7562e67c43c017a0143b2423_240x180.jpg
Киргизстан ППЛ-Ф-1.6,$ $ 5 803 (487452 сом),"2000 г./дизель/руль слева, 92 978 км",https://im.mashina.kg/tachka/images//1/6/a/16a92afb0ebdcfb2989d044a04bef283_240x180.jpg
МТЗ (Беларус) МТЗ-2522,$ $ 2 321 (194964 сом),1970 г./дизель/руль слева,https://im.mashina.kg/tachka/images//3/6/c/36c89f5117ae71ef23a9dc60a4fe46bf_240x180.jpg
XCMG XT870,$ $ 25 000 (2100000 сом),2012 г./дизель/руль слева,https://im.mashina.kg/tachka/images//c/d/9/cd98049544e5ae3fb359231bb23eed0e_240x180.jpg
МТЗ (Беларус) ТТР-401,$ $ 4 643 (390012 сом),1991 г./дизель/руль слева,https://im.mashina.kg/tachka/images//1/2/f/12fd053b58baa1ea6c06df4a2a745d44_240x180.jpg
МТЗ (Беларус) МТЗ-082,$ $ 11 606 (974904 сом),1995 г./дизель/руль справа,https://im.mashina.kg/tachka/images//8/9/b/89bda7891ca97fc102a94b59f62031fa_240x180.jpg
BCS Invictus,$ $ 2 553 (214452 сом),1998 г./бензин/руль слева,https://im.mashina.kg/tachka/images//6/5/2/6522e858ec85731d22d96c6f4dc4b251_240x180.jpg
Hyundai Porter,$ $ 7 544 (633696 сом),2001 г./дизель/руль слева,Нет фото
Hyundai Колесные,$ $ 62 000 (5208000 сом),"2011 г./дизель/руль слева, 10 500 км",https://im.mashina.kg/tachka/images//0/8/9/0893ffa8e93a40b666430c12fc761d13_240x180.jpg
Hyundai Колесные,$ $ 62 000 (5208000 сом),2013 г./дизель/руль слева,https://im.mashina.kg/tachka/images//3/d/7/3d7c40c8117a9903911e7c1b0e2b9d27_240x180.jpg
Scania R,$ $ 60 000 (5040000 сом),"2009 г./дизель/руль слева, 260 000 км",https://im.mashina.kg/tachka/images//3/a/b/3ab39806d4484a42fa9cfedebf8f6f95_240x180.jpg
LiuGong Автогрейдеры,$ $ 38 000 (3192000 сом),"2009 г./дизель/руль слева, 9 000 км",https://im.mashina.kg/tachka/images//c/2/7/c2781a9f1fca79b3cded15e93ea59862_240x180.jpg
МТЗ (Беларус) ДТ-75,$ $ 3 714 (311976 сом),1989 г./дизель/руль слева,https://im.mashina.kg/tachka/images//8/b/d/8bd54118a2d1ef519ba2bbb410cd96d2_240x180.jpg
Hyundai Колесные,$ $ 55 000 (4620000 сом),2010 г./дизель/руль слева,https://im.mashina.kg/tachka/images//3/d/6/3d6acb4240a0ae2b90ebc86c6e486b09_240x180.jpg
МТЗ (Беларус) МТЗ-82,$ $ 2 089 (175476 сом),1990 г./дизель/руль слева,https://im.mashina.kg/tachka/images//7/1/c/71cc21f172277eef40981f579cc503ce_240x180.jpg
МТЗ (Беларус) МТЗ-082,$ $ 1 045 (87780 сом),1985 г./гибрид/руль слева,https://im.mashina.kg/tachka/images//8/5/c/85ca014df3814134a7d251b1e433b082_240x180.jpg
Volvo EW,$ $ 34 000 (2856000 сом),1997 г./дизель/руль слева,https://im.mashina.kg/tachka/images//8/5/6/856662597ab0ac69f37140f5fbf9e95c_240x180.jpg
МТЗ (Беларус) МТЗ-80,$ $ 3 482 (292488 сом),2010 г./дизель/руль слева,https://im.mashina.kg/tachka/images//e/8/b/e8bd553ea95fa9583d422e2784416557_240x180.jpg
Hyundai Колесные,$ $ 27 000 (2268000 сом),2005 г./дизель/руль слева,https://im.mashina.kg/tachka/images//8/b/d/8bda68fcb3085eef0e5bbacaececa2f5_240x180.jpg
МТЗ (Беларус) МТЗ-50,$ $ 2 089 (175476 сом),1990 г./дизель/руль слева,https://im.mashina.kg/tachka/images//d/2/d/d2d86f9f53c4ddfab540e1ac892a62ba_240x180.jpg
YTO T140,$ $ 8 124 (682416 сом),2006 г./дизель/руль слева,https://im.mashina.kg/tachka/images//9/8/4/984e3492ae19190889c81f7a40fd9fef_240x180.jpg
КМЗ КМЗ-012,$ $ 5 223 (438732 сом),1987 г./дизель/руль слева,https://im.mashina.kg/tachka/images//6/7/d/67dca7fc79cdc46eb78e50a989285bd4_240x180.jpg
Mercedes-Benz Автобетоносмеситель,$ $ 13 452 (1129968 сом),1989 г./дизель/руль слева,https://im.mashina.kg/tachka/images//e/8/f/e8ffb963438eddd6764663aab503e6a3_240x180.jpg
Hyundai Porter,$ $ 8 300 (697200 сом),2010 г./дизель/руль слева,Нет фото
ChengGong Фронтальный погрузчик,$ $ 20 000 (1680000 сом),"2012 г./дизель/руль слева, 8 000 км",https://im.mashina.kg/tachka/images//f/2/3/f238db64236d3cbe415ba34534e00b18_240x180.jpg
Volvo EW,$ $ 35 000 (2940000 сом),"1999 г./дизель/руль слева, 10 000 км",https://im.mashina.kg/tachka/images//1/a/2/1a2c5fa25c4f2070e8b599cab838472c_240x180.jpg
Palesse GS,$ $ 34 000 (2856000 сом),"2010 г./дизель/руль слева, 4 000 км",https://im.mashina.kg/tachka/images//2/c/9/2c9a11bf3e1806019cf3308d8d60bd37_240x180.jpg
Caterpillar 521,$ $ 5 700 (478800 сом),"2015 г./дизель/руль слева, 22 255 км",Нет фото
МТЗ (Беларус) МТЗ-82,$ $ 232 (19488 сом),2013 г./дизель/руль слева,https://im.mashina.kg/tachka/images//a/7/c/a7cadcf12c2b8626856b18ab73ec3043_240x180.jpg
МТЗ (Беларус) МТЗ-82,$ $ 696 (58464 сом),2017 г./дизель/руль слева,https://im.mashina.kg/tachka/images//3/1/0/310366201f647b472860ccfc7eb3bc8f_240x180.jpg
XCMG QY-70K,$ $ 90 000 (7560000 сом),2013 г./дизель/руль слева,https://im.mashina.kg/tachka/images//b/3/b/b3b0f675bc904bb28d9ca3fd764927c1_240x180.jpg
Volvo BL,$ $ 40 000 (3360000 сом),"2003 г./дизель/руль слева, 1 000 000 км",https://im.mashina.kg/tachka/images//4/2/f/42f5171f616aab8b601f9b946f35075b_240x180.jpg
Амкодор 702ЕМ-03,$ $ 25 534 (2144856 сом),"2013 г./дизель/руль слева, 245 000 км",https://im.mashina.kg/tachka/images//6/3/b/63b77b2259a92f2cf50f2a1010f68a0e_240x180.jpg
Changlin ZLM,$ $ 34 000 (2856000 сом),2012 г./дизель/руль слева,https://im.mashina.kg/tachka/images//c/1/e/c1ef2eab3e4a23f3f2dcfd04a33f4a3c_240x180.jpg
МТЗ (Беларус) МТЗ-1025,$ $ 18 570 (1559880 сом),2010 г./дизель/руль слева,Нет фото
КМЗ КМЗ-012,$ $ 12 000 (1008000 сом),1989 г./дизель/руль слева,https://im.mashina.kg/tachka/images//0/2/a/02a24ad61a53068bed0827649ba707fb_240x180.jpg
МТЗ (Беларус) МТЗ-1025,$ $ 18 570 (1559880 сом),2011 г./дизель/руль слева,Нет фото
КМЗ КМЗ-012,$ $ 5 803 (487452 сом),2022 г./дизель/руль слева,https://im.mashina.kg/tachka/images//5/0/9/509d490560d09f0eb6bc8c2aa7b0824a_240x180.jpg
JCB Дорожные катки,$ $ 16 000 (1344000 сом),"2005 г./дизель/руль слева, 1 500 км",https://im.mashina.kg/tachka/images//4/f/5/4f564597ca96a6dce90cce9c0479fc22_240x180.jpg
МТЗ (Беларус) МТЗ-1025,$ $ 26 000 (2184000 сом),2017 г./дизель/руль слева,https://im.mashina.kg/tachka/images//b/5/d/b5dfc3fd654e2c45309e4444f011432b_240x180.jpg
МТЗ (Беларус) МТЗ-82,$ $ 17 409 (1462356 сом),2009 г./дизель/руль слева,https://im.mashina.kg/tachka/images//f/4/1/f4194695a299e685187465c7616b5351_240x180.jpg
МТЗ (Беларус) МТЗ-80,$ $ 6 383 (536172 сом),1991 г./дизель/руль слева,https://im.mashina.kg/tachka/images//7/a/7/7a7ab0d17e0281c285fd775ce2326b74_240x180.jpg
XCMG XZ,$ $ 99 000 (8316000 сом),2006 г./дизель/руль слева,https://im.mashina.kg/tachka/images//0/6/b/06bd2e7f082033d54cf2570c32cac3d4_240x180.jpg
Fermec 965,$ $ 27 000 (2268000 сом),"1994 г./дизель/руль слева, 6 000 км",https://im.mashina.kg/tachka/images//c/6/2/c62bd0367f76ff8323ada4db22d71f21_240x180.jpg
Hyundai Колесные,$ $ 33 000 (2772000 сом),"2009 г./дизель/руль слева, 7 000 км",https://im.mashina.kg/tachka/images//f/8/9/f89a65551f9a679abf4d2f48fcfc5644_240x180.jpg
IHI 40Z,$ $ 16 000 (1344000 сом),"1997 г./дизель/руль слева, 8 000 км",https://im.mashina.kg/tachka/images//f/4/0/f406f325ab90acff88ac566622f23f08_240x180.jpg
Volvo EW,$ $ 52 000 (4368000 сом),"2008 г./дизель/руль слева, 11 000 км",https://im.mashina.kg/tachka/images//a/a/6/aa625b111193e18b1d463bb2cea1fc82_240x180.jpg
Hyundai Колесные,$ $ 68 000 (5712000 сом),"2014 г./дизель/руль слева, 14 000 км",https://im.mashina.kg/tachka/images//0/3/9/0396534f1b0bfb2a43ff2c60a5125949_240x180.jpg
ХТЗ Колесные трактора,$ $ 1 393 (117012 сом),1985 г./дизель/руль слева,https://im.mashina.kg/tachka/images//0/e/9/0e9888a8ec28b2f2b1474d21a276ff4c_240x180.jpg
МТЗ (Беларус) МТЗ-82,$ $ 14 508 (1218672 сом),2013 г./дизель/руль слева,https://im.mashina.kg/tachka/images//2/6/6/266721d6d07cf08362d251c4cc3e0cad_240x180.jpg
МТЗ (Беларус) МТЗ-82,$ $ 2 553 (214452 сом),1986 г./дизель/руль слева,https://im.mashina.kg/tachka/images//b/a/c/bacb7d4d950b78fb7eb3b9958063e532_240x180.jpg
Hyundai Колесные,$ $ 58 000 (4872000 сом),2017 г./дизель/руль слева,https://im.mashina.kg/tachka/images//5/e/6/5e624ec1b63fa24381a210747a3c359d_240x180.jpg
Hyundai Колесные,$ $ 30 000 (2520000 сом),2002 г./дизель/руль слева,https://im.mashina.kg/tachka/images//a/8/e/a8ed4435461c387a15ff39671635e74a_240x180.jpg
Volvo FE,$ $ 30 000 (2520000 сом),"1996 г./дизель/руль слева, 111 111 км",https://im.mashina.kg/tachka/images//7/e/0/7e0ecf33cab460d59ecd7337497735e4_240x180.jpg
Samsung MX,$ $ 18 570 (1559880 сом),1994 г./дизель/руль слева,https://im.mashina.kg/tachka/images//a/1/0/a1076cdfc21cc42903d3c40e589c3589_240x180.jpg
МТЗ (Беларус) МТЗ-82,$ $ 4 643 (390012 сом),"2022 г./дизель/руль слева, 25 км",https://im.mashina.kg/tachka/images//3/2/b/32b915eb352fcd9ea69bcc31c942dc63_240x180.jpg
YTO Автогрейдеры,$ $ 20 000 (1680000 сом),2014 г./дизель/руль слева,https://im.mashina.kg/tachka/images//1/e/0/1e09de2bbdddea8d6ff76f3047a3834f_240x180.jpg
Hyundai Колесные,$ $ 75 000 (6300000 сом),2017 г./дизель/руль слева,https://im.mashina.kg/tachka/images//8/e/4/8e4c8ea695dba6ba900e3fab6a53a29a_240x180.jpg
Komatsu WB97S-2,$ $ 28 000 (2352000 сом),"2000 г./дизель/руль слева, 20 000 км",https://im.mashina.kg/tachka/images//9/a/7/9a7454b8a3aa2f3d2ea4c70bb633052f_240x180.jpg
Toyota Дизельные,$ $ 14 000 (1176000 сом),2022 г./дизель/руль слева,https://im.mashina.kg/tachka/images//2/b/6/2b6b92ea3199749ad960bbc5b956b25f_240x180.jpg
Hyundai Porter,$ $ 15 669 (1316196 сом),2007 г./дизель/руль слева,https://im.mashina.kg/tachka/images//5/d/b/5db76805c733c52b433fcb43edd11e25_240x180.jpg
XCMG XT870,$ $ 18 000 (1512000 сом),2012 г./дизель/руль слева,https://im.mashina.kg/tachka/images//3/1/2/31256f2c7e030f61c6bd87019b4c406d_240x180.jpg
Hyundai Колесные,$ $ 55 000 (4620000 сом),"2010 г./дизель/руль слева, 17 900 км",https://im.mashina.kg/tachka/images//f/7/9/f79efc771d51b75e6f6759eacb4c33ae_240x180.jpg
DAF XF,$ $ 26 000 (2184000 сом),"2001 г./дизель/руль слева, 980 000 км",https://im.mashina.kg/tachka/images//8/9/e/89e3e137762f31a4a1f52a012dc31994_240x180.jpg
Hyundai Колесные,$ $ 35 000 (2940000 сом),"2015 г./дизель/руль слева, 2 500 км",https://im.mashina.kg/tachka/images//d/d/7/dd7e5ef56bb40ec1c829cc4875057131_240x180.jpg
XCMG GY25SK2,$ $ 74 000 (6216000 сом),2013 г./дизель/руль слева,https://im.mashina.kg/tachka/images//b/e/a/beab7e9c8e592b2ad8296b78919f8d4a_240x180.jpg
Howo Миксер,$ $ 24 000 (2016000 сом),2014 г./дизель/руль слева,https://im.mashina.kg/tachka/images//e/b/d/ebd4f2563488b0153a3cf278e2b89c8d_240x180.jpg
Zoomlion ZCC800H,$ $ 90 000 (7560000 сом),2020 г./дизель/руль слева,https://im.mashina.kg/tachka/images//7/0/0/7003930dac81c8f1675d0abe65d58221_240x180.jpg
XCMG QY-70K,$ $ 87 000 (7308000 сом),"2012 г./дизель/руль слева, 32 000 км",https://im.mashina.kg/tachka/images//1/1/f/11f54f2f2d43055213f04f4595ad731d_240x180.jpg
YTO YTO-454,$ $ 27 500 (2310000 сом),2022 г./дизель/руль слева,https://im.mashina.kg/tachka/images//6/5/7/657cf9fda257802efb4e8873165d7a67_240x180.jpg
KOBELCO SK,$ $ 55 000 (4620000 сом),2010 г./дизель/руль слева,https://im.mashina.kg/tachka/images//4/b/5/4b5e8fc9af3b62be81c626de2c090992_240x180.jpg
Sany STC,$ $ 70 000 (5880000 сом),2011 г./дизель/руль слева,https://im.mashina.kg/tachka/images//7/9/9/799c622fe91f90a4da905fec4b73b890_240x180.jpg
Lonking LK - series,$ $ 18 000 (1512000 сом),2012 г./дизель/руль слева,https://im.mashina.kg/tachka/images//8/8/3/88369746bfd8991d7ab1ea78542ebf5c_240x180.jpg
KOBELCO SK,$ $ 57 000 (4788000 сом),2014 г./дизель/руль слева,https://im.mashina.kg/tachka/images//8/a/0/8a0dd618eb2de7d79c2edae57eef9111_240x180.jpg
YTO YTO-504,$ $ 7 300 (613200 сом),"2022 г./дизель/руль слева, 100 км",https://im.mashina.kg/tachka/images//3/9/3/3932037316eee7a52598afabfe25ac8d_240x180.jpg
SDLG LG 952,$ $ 19 000 (1596000 сом),"2011 г./дизель/руль слева, 5 000 км",https://im.mashina.kg/tachka/images//e/8/f/e8f28911163345e9e439fe519183853f_240x180.jpg
КамАЗ XTX 215,$ $ 5 687 (477708 сом),1987 г./дизель/руль слева,https://im.mashina.kg/tachka/images//8/9/c/89c32abe3ec2d6267237cc6984024602_240x180.jpg
XCMG ZL - series,$ $ 10 000 (840000 сом),2010 г./дизель/руль слева,Нет фото
МТЗ (Беларус) Беларус 952,$ $ 1 741 (146244 сом),1989 г./электро/руль слева,https://im.mashina.kg/tachka/images//a/e/5/ae57abf78e0f55b4edf55d06c5217528_240x180.jpg
Урал Подъемник,$ $ 2 500 (210000 сом),1990 г./бензин / газ/руль слева,https://im.mashina.kg/tachka/images//4/b/6/4b6c81660a3761c21283515b591f6854_240x180.jpg
МТЗ (Беларус) МТЗ-082,$ $ 10 000 (840000 сом),"2000 г./дизель/руль слева, 120 000 км",Нет фото
МТЗ (Беларус) Экскаваторы траншейные,$ $ 6 964 (584976 сом),1989 г./дизель/руль слева,https://im.mashina.kg/tachka/images//0/c/c/0cc3b9dad5f2c84a52b78cd8322aa5dc_240x180.jpg
МТЗ (Беларус) МТЗ-82,$ $ 14 508 (1218672 сом),"1995 г./дизель/руль слева, 21 000 км",https://im.mashina.kg/tachka/images//9/b/d/9bd3e5029dfa192f4da9ef4a2783de2d_240x180.jpg
Fortschritt E281,$ $ 10 446 (877464 сом),1989 г./дизель/руль слева,https://im.mashina.kg/tachka/images//e/4/f/e4f5fc037d4bbe608f64011cc74d5574_240x180.jpg
МТЗ (Беларус) МТЗ-82,$ $ 17 409 (1462356 сом),2013 г./дизель/руль справа,https://im.mashina.kg/tachka/images//5/7/3/573cb380036f23080f36ac15198b35f1_240x180.jpg
КМЗ КМЗ-012,$ $ 1 741 (146244 сом),"2012 г./дизель/руль слева, 10 000 км",https://im.mashina.kg/tachka/images//e/3/1/e3131c1d4b6ac6e976b34d817f1acba0_240x180.jpg
YTO YTO-404,$ $ 12 767 (1072428 сом),2013 г./дизель/руль слева,https://im.mashina.kg/tachka/images//8/1/7/817da70ce9e9fa1ab0f76ed20706cff0_240x180.jpg
YTO YTO-X1004,$ $ 16 000 (1344000 сом),2015 г./дизель/руль слева,https://im.mashina.kg/tachka/images//6/7/a/67a255edd9fe57a8dec74106b7cbfdd4_240x180.jpg
МТЗ (Беларус) МТЗ-132,$ $ 2 321 (194964 сом),1999 г./бензин/руль слева,https://im.mashina.kg/tachka/images//4/6/4/464f46d67af24a402a26eae83d857d29_240x180.jpg
Case SV185,$ $ 21 000 (1764000 сом),1999 г./дизель/руль слева,https://im.mashina.kg/tachka/images//f/0/6/f064b280caf0856b9afde1522fec46fd_240x180.jpg
КТЗ Траком Т-70,$ $ 1 393 (117012 сом),1990 г./дизель/руль слева,https://im.mashina.kg/tachka/images//e/0/7/e07dc90922b01310c61c7e5ccbed8ee6_240x180.jpg
МТЗ (Беларус) МТЗ-82,$ $ 25 000 (2100000 сом),2012 г./дизель/руль слева,https://im.mashina.kg/tachka/images//3/9/5/395bdbab1690b0f9184477d7bfcfb2a6_240x180.jpg
Kubota B1600,$ $ 6 383 (536172 сом),"2010 г./дизель/руль слева, 125 428 км",https://im.mashina.kg/tachka/images//5/1/0/510b4a01fcaab4fe35eb8d23facfcace_240x180.jpg
Doosan Solar,$ $ 60 000 (5040000 сом),2013 г./дизель/руль слева,https://im.mashina.kg/tachka/images//8/1/b/81be2f392bad299c44057ec354c9eb81_240x180.jpg
КамАЗ Буровая установка,$ $ 15 088 (1267392 сом),2011 г./дизель/руль слева,https://im.mashina.kg/tachka/images//7/c/7/7c734df46fe662035c919e4f5a0c3b30_240x180.jpg
Ивановец КС-35715,$ $ 27 000 (2268000 сом),"2004 г./дизель/руль слева, 25 825 км",https://im.mashina.kg/tachka/images//1/4/1/14190167c8a41b3bdaea80f4e3f73db2_240x180.jpg
Nissan DIESEL,$ $ 35 000 (2940000 сом),"1997 г./дизель/руль слева, 25 588 км",https://im.mashina.kg/tachka/images//e/e/6/ee6a12657a3a506c2d3ebe3a5fd28f48_240x180.jpg
Hyundai Колесные,$ $ 45 000 (3780000 сом),2007 г./дизель/руль слева,https://im.mashina.kg/tachka/images//d/4/5/d45fef93ae2d58124cb9eaf9b8084171_240x180.jpg
МТЗ (Беларус) МТЗ-80,$ $ 6 964 (584976 сом),1993 г./дизель/руль слева,https://im.mashina.kg/tachka/images//f/b/c/fbc77e418d2e458fa59adb8d04099319_240x180.jpg
МТЗ (Беларус) МТЗ-50,$ $ 3 250 (273000 сом),1997 г./дизель/руль слева,https://im.mashina.kg/tachka/images//d/b/2/db2803cb032143b0939d54a2af7c99df_240x180.jpg
МТЗ (Беларус) МТЗ-50,$ $ 3 250 (273000 сом),"1991 г./дизель/руль слева, 20 120 км",Нет фото
Lonking LG - series,$ $ 3 700 (310800 сом),"2020 г./дизель/руль слева, 111 км",https://im.mashina.kg/tachka/images//d/6/6/d66cbcf3d5480bb06be3efee63157f99_240x180.jpg
XCMG QY25K5,$ $ 52 000 (4368000 сом),"2019 г./дизель/руль слева, 111 км",https://im.mashina.kg/tachka/images//a/5/b/a5b345ce73f1fd6c9792f91db04303a2_240x180.jpg
XCMG QY25K5,$ $ 43 000 (3612000 сом),2013 г./дизель/руль слева,https://im.mashina.kg/tachka/images//7/4/6/746dc5a60b8e7413528b764f9eef1a2a_240x180.jpg
Hyundai Колесные,$ $ 46 000 (3864000 сом),"2006 г./дизель/руль слева, 22 000 км",https://im.mashina.kg/tachka/images//d/b/a/dba45171d1278b1b109a27d1a23edff5_240x180.jpg
ХТЗ Колесные трактора,$ $ 4 062 (341208 сом),1989 г./дизель/руль слева,https://im.mashina.kg/tachka/images//5/0/8/508adb3e4c58b283be688a5d4fdd0272_240x180.jpg
ЗИЛ ГЯ-133,$ $ 11 606 (974904 сом),"1986 г./дизель/руль слева, 888 888 км",https://im.mashina.kg/tachka/images//e/9/3/e9373e2e8e4ce339aad363e7e87b8573_240x180.jpg
ЛТЗ Т-40АМ,$ $ 1 741 (146244 сом),1984 г./дизель/руль слева,https://im.mashina.kg/tachka/images//f/c/d/fcdf12b04c92cc33a260bdcb40bbec26_240x180.jpg
Hyundai Колесные,$ $ 49 000 (4116000 сом),"2007 г./дизель/руль слева, 10 000 км",https://im.mashina.kg/tachka/images//f/4/a/f4a016bc48ff6bab22133a65c04cdc0b_240x180.jpg
Zoomlion QY25V,$ $ 75 000 (6300000 сом),2014 г./дизель/руль слева,https://im.mashina.kg/tachka/images//7/9/3/7938a8887565034eb400b6c623fa2286_240x180.jpg
МТЗ (Беларус) МТЗ-82,$ $ 23 213 (1949892 сом),2012 г./дизель/руль слева,https://im.mashina.kg/tachka/images//5/c/d/5cd2b22435d6d0e59b884d2b00c3df37_240x180.jpg
КамАЗ Буровая установка,$ $ 3 714 (311976 сом),"1977 г./дизель/руль слева, 400 000 км",https://im.mashina.kg/tachka/images//a/7/3/a7338f88c513872ce1cab03bec089d6a_240x180.jpg
